question_id,unit_id,unit_type,blind_done,final_done,verdict,evidence_kind,reference_ids,question_status
Q001,Q001:A,choice,False,False,,,,pending
Q001,Q001:B,choice,False,False,,,,pending
Q001,Q001:C,choice,False,False,,,,pending
Q001,Q001:D,choice,False,False,,,,pending
Q002,Q002:S1,step,False,False,,,,pending
Q002,Q002:S2,step,False,False,,,,pending
Q002,Q002:S3,step,False,False,,,,pending
Q002,Q002:S4,step,False,False,,,,pending
Q002,Q002:S5,step,False,False,,,,pending
Q002,Q002:S6,step,False,False,,,,pending
Q003,Q003:A,choice,False,False,,,,pending
Q003,Q003:B,choice,False,False,,,,pending
Q003,Q003:C,choice,False,False,,,,pending
Q003,Q003:D,choice,False,False,,,,pending
Q004,Q004:A,choice,False,False,,,,pending
Q004,Q004:B,choice,False,False,,,,pending
Q004,Q004:C,choice,False,False,,,,pending
Q004,Q004:D,choice,False,False,,,,pending
Q005,Q005:S1,step,False,False,,,,pending
Q005,Q005:S2,step,False,False,,,,pending
Q005,Q005:S3,step,False,False,,,,pending
Q005,Q005:S4,step,False,False,,,,pending
Q005,Q005:S5,step,False,False,,,,pending
Q005,Q005:S6,step,False,False,,,,pending
Q006,Q006:A,choice,False,False,,,,pending
Q006,Q006:B,choice,False,False,,,,pending
Q006,Q006:C,choice,False,False,,,,pending
Q006,Q006:D,choice,False,False,,,,pending
Q007,Q007:A,choice,False,False,,,,pending
Q007,Q007:B,choice,False,False,,,,pending
Q007,Q007:C,choice,False,False,,,,pending
Q007,Q007:D,choice,False,False,,,,pending
Q008,Q008:P1,prompt,False,False,,,,pending
Q008,Q008:P2,prompt,False,False,,,,pending
Q008,Q008:P3,prompt,False,False,,,,pending
Q008,Q008:P4,prompt,False,False,,,,pending
Q008,Q008:P5,prompt,False,False,,,,pending
Q008,Q008:R1,response,False,False,,,,pending
Q008,Q008:R2,response,False,False,,,,pending
Q008,Q008:R3,response,False,False,,,,pending
Q008,Q008:R4,response,False,False,,,,pending
Q008,Q008:R5,response,False,False,,,,pending
Q009,Q009:A,choice,False,False,,,,pending
Q009,Q009:B,choice,False,False,,,,pending
Q009,Q009:C,choice,False,False,,,,pending
Q009,Q009:D,choice,False,False,,,,pending
Q010,Q010:A,choice,False,False,,,,pending
Q010,Q010:B,choice,False,False,,,,pending
Q010,Q010:C,choice,False,False,,,,pending
Q010,Q010:D,choice,False,False,,,,pending
Q011,Q011:A,choice,False,False,,,,pending
Q011,Q011:B,choice,False,False,,,,pending
Q011,Q011:C,choice,False,False,,,,pending
Q011,Q011:D,choice,False,False,,,,pending
Q012,Q012:A,choice,False,False,,,,pending
Q012,Q012:B,choice,False,False,,,,pending
Q012,Q012:C,choice,False,False,,,,pending
Q012,Q012:D,choice,False,False,,,,pending
Q013,Q013:A,choice,False,False,,,,pending
Q013,Q013:B,choice,False,False,,,,pending
Q013,Q013:C,choice,False,False,,,,pending
Q013,Q013:D,choice,False,False,,,,pending
Q013,Q013:E,choice,False,False,,,,pending
Q014,Q014:A,choice,False,False,,,,pending
Q014,Q014:B,choice,False,False,,,,pending
Q014,Q014:C,choice,False,False,,,,pending
Q014,Q014:D,choice,False,False,,,,pending
Q015,Q015:A,choice,False,False,,,,pending
Q015,Q015:B,choice,False,False,,,,pending
Q015,Q015:C,choice,False,False,,,,pending
Q015,Q015:D,choice,False,False,,,,pending
Q016,Q016:A,choice,False,False,,,,pending
Q016,Q016:B,choice,False,False,,,,pending
Q016,Q016:C,choice,False,False,,,,pending
Q016,Q016:D,choice,False,False,,,,pending
Q017,Q017:A,choice,False,False,,,,pending
Q017,Q017:B,choice,False,False,,,,pending
Q017,Q017:C,choice,False,False,,,,pending
Q017,Q017:D,choice,False,False,,,,pending
Q018,Q018:A,choice,False,False,,,,pending
Q018,Q018:B,choice,False,False,,,,pending
Q018,Q018:C,choice,False,False,,,,pending
Q018,Q018:D,choice,False,False,,,,pending
Q019,Q019:A,choice,False,False,,,,pending
Q019,Q019:B,choice,False,False,,,,pending
Q019,Q019:C,choice,False,False,,,,pending
Q019,Q019:D,choice,False,False,,,,pending
Q020,Q020:A,choice,False,False,,,,pending
Q020,Q020:B,choice,False,False,,,,pending
Q020,Q020:C,choice,False,False,,,,pending
Q020,Q020:D,choice,False,False,,,,pending
Q021,Q021:A,choice,False,False,,,,pending
Q021,Q021:B,choice,False,False,,,,pending
Q021,Q021:C,choice,False,False,,,,pending
Q021,Q021:D,choice,False,False,,,,pending
Q022,Q022:A,choice,False,False,,,,pending
Q022,Q022:B,choice,False,False,,,,pending
Q022,Q022:C,choice,False,False,,,,pending
Q022,Q022:D,choice,False,False,,,,pending
Q023,Q023:A,choice,False,False,,,,pending
Q023,Q023:B,choice,False,False,,,,pending
Q023,Q023:C,choice,False,False,,,,pending
Q023,Q023:D,choice,False,False,,,,pending
Q024,Q024:A,choice,False,False,,,,pending
Q024,Q024:B,choice,False,False,,,,pending
Q024,Q024:C,choice,False,False,,,,pending
Q024,Q024:D,choice,False,False,,,,pending
Q025,Q025:A,choice,False,False,,,,pending
Q025,Q025:B,choice,False,False,,,,pending
Q025,Q025:C,choice,False,False,,,,pending
Q025,Q025:D,choice,False,False,,,,pending
Q026,Q026:A,choice,False,False,,,,pending
Q026,Q026:B,choice,False,False,,,,pending
Q026,Q026:C,choice,False,False,,,,pending
Q026,Q026:D,choice,False,False,,,,pending
Q027,Q027:A,choice,False,False,,,,pending
Q027,Q027:B,choice,False,False,,,,pending
Q027,Q027:C,choice,False,False,,,,pending
Q027,Q027:D,choice,False,False,,,,pending
Q027,Q027:E,choice,False,False,,,,pending
Q028,Q028:A,choice,False,False,,,,pending
Q028,Q028:B,choice,False,False,,,,pending
Q028,Q028:C,choice,False,False,,,,pending
Q028,Q028:D,choice,False,False,,,,pending
Q029,Q029:A,choice,False,False,,,,pending
Q029,Q029:B,choice,False,False,,,,pending
Q029,Q029:C,choice,False,False,,,,pending
Q029,Q029:D,choice,False,False,,,,pending
Q030,Q030:A,choice,False,False,,,,pending
Q030,Q030:B,choice,False,False,,,,pending
Q030,Q030:C,choice,False,False,,,,pending
Q030,Q030:D,choice,False,False,,,,pending
Q031,Q031:A,choice,False,False,,,,pending
Q031,Q031:B,choice,False,False,,,,pending
Q031,Q031:C,choice,False,False,,,,pending
Q031,Q031:D,choice,False,False,,,,pending
Q032,Q032:A,choice,False,False,,,,pending
Q032,Q032:B,choice,False,False,,,,pending
Q032,Q032:C,choice,False,False,,,,pending
Q032,Q032:D,choice,False,False,,,,pending
Q032,Q032:E,choice,False,False,,,,pending
Q033,Q033:A,choice,False,False,,,,pending
Q033,Q033:B,choice,False,False,,,,pending
Q033,Q033:C,choice,False,False,,,,pending
Q033,Q033:D,choice,False,False,,,,pending
Q034,Q034:A,choice,False,False,,,,pending
Q034,Q034:B,choice,False,False,,,,pending
Q034,Q034:C,choice,False,False,,,,pending
Q034,Q034:D,choice,False,False,,,,pending
Q035,Q035:A,choice,False,False,,,,pending
Q035,Q035:B,choice,False,False,,,,pending
Q035,Q035:C,choice,False,False,,,,pending
Q035,Q035:D,choice,False,False,,,,pending
Q036,Q036:A,choice,False,False,,,,pending
Q036,Q036:B,choice,False,False,,,,pending
Q036,Q036:C,choice,False,False,,,,pending
Q036,Q036:D,choice,False,False,,,,pending
Q037,Q037:A,choice,False,False,,,,pending
Q037,Q037:B,choice,False,False,,,,pending
Q037,Q037:C,choice,False,False,,,,pending
Q037,Q037:D,choice,False,False,,,,pending
Q038,Q038:A,choice,False,False,,,,pending
Q038,Q038:B,choice,False,False,,,,pending
Q038,Q038:C,choice,False,False,,,,pending
Q038,Q038:D,choice,False,False,,,,pending
Q039,Q039:A,choice,False,False,,,,pending
Q039,Q039:B,choice,False,False,,,,pending
Q039,Q039:C,choice,False,False,,,,pending
Q039,Q039:D,choice,False,False,,,,pending
Q040,Q040:A,choice,False,False,,,,pending
Q040,Q040:B,choice,False,False,,,,pending
Q040,Q040:C,choice,False,False,,,,pending
Q040,Q040:D,choice,False,False,,,,pending
Q041,Q041:A,choice,False,False,,,,pending
Q041,Q041:B,choice,False,False,,,,pending
Q041,Q041:C,choice,False,False,,,,pending
Q041,Q041:D,choice,False,False,,,,pending
Q042,Q042:A,choice,False,False,,,,pending
Q042,Q042:B,choice,False,False,,,,pending
Q042,Q042:C,choice,False,False,,,,pending
Q042,Q042:D,choice,False,False,,,,pending
Q042,Q042:E,choice,False,False,,,,pending
Q043,Q043:A,choice,False,False,,,,pending
Q043,Q043:B,choice,False,False,,,,pending
Q043,Q043:C,choice,False,False,,,,pending
Q043,Q043:D,choice,False,False,,,,pending
Q044,Q044:A,choice,False,False,,,,pending
Q044,Q044:B,choice,False,False,,,,pending
Q044,Q044:C,choice,False,False,,,,pending
Q044,Q044:D,choice,False,False,,,,pending
Q045,Q045:A,choice,False,False,,,,pending
Q045,Q045:B,choice,False,False,,,,pending
Q045,Q045:C,choice,False,False,,,,pending
Q045,Q045:D,choice,False,False,,,,pending
Q046,Q046:A,choice,False,False,,,,pending
Q046,Q046:B,choice,False,False,,,,pending
Q046,Q046:C,choice,False,False,,,,pending
Q046,Q046:D,choice,False,False,,,,pending
Q047,Q047:A,choice,False,False,,,,pending
Q047,Q047:B,choice,False,False,,,,pending
Q047,Q047:C,choice,False,False,,,,pending
Q047,Q047:D,choice,False,False,,,,pending
Q048,Q048:A,choice,False,False,,,,pending
Q048,Q048:B,choice,False,False,,,,pending
Q048,Q048:C,choice,False,False,,,,pending
Q048,Q048:D,choice,False,False,,,,pending
Q048,Q048:E,choice,False,False,,,,pending
Q048,Q048:F,choice,False,False,,,,pending
Q049,Q049:A,choice,False,False,,,,pending
Q049,Q049:B,choice,False,False,,,,pending
Q049,Q049:C,choice,False,False,,,,pending
Q049,Q049:D,choice,False,False,,,,pending
Q050,Q050:A,choice,False,False,,,,pending
Q050,Q050:B,choice,False,False,,,,pending
Q050,Q050:C,choice,False,False,,,,pending
Q050,Q050:D,choice,False,False,,,,pending
Q050,Q050:E,choice,False,False,,,,pending
Q051,Q051:A,choice,False,False,,,,pending
Q051,Q051:B,choice,False,False,,,,pending
Q051,Q051:C,choice,False,False,,,,pending
Q051,Q051:D,choice,False,False,,,,pending
Q052,Q052:A,choice,False,False,,,,pending
Q052,Q052:B,choice,False,False,,,,pending
Q052,Q052:C,choice,False,False,,,,pending
Q052,Q052:D,choice,False,False,,,,pending
Q053,Q053:A,choice,False,False,,,,pending
Q053,Q053:B,choice,False,False,,,,pending
Q053,Q053:C,choice,False,False,,,,pending
Q053,Q053:D,choice,False,False,,,,pending
Q054,Q054:A,choice,False,False,,,,pending
Q054,Q054:B,choice,False,False,,,,pending
Q054,Q054:C,choice,False,False,,,,pending
Q054,Q054:D,choice,False,False,,,,pending
Q054,Q054:E,choice,False,False,,,,pending
Q054,Q054:F,choice,False,False,,,,pending
Q055,Q055:A,choice,False,False,,,,pending
Q055,Q055:B,choice,False,False,,,,pending
Q055,Q055:C,choice,False,False,,,,pending
Q055,Q055:D,choice,False,False,,,,pending
Q055,Q055:E,choice,False,False,,,,pending
Q055,Q055:F,choice,False,False,,,,pending
Q056,Q056:A,choice,False,False,,,,pending
Q056,Q056:B,choice,False,False,,,,pending
Q056,Q056:C,choice,False,False,,,,pending
Q056,Q056:D,choice,False,False,,,,pending
Q057,Q057:A,choice,False,False,,,,pending
Q057,Q057:B,choice,False,False,,,,pending
Q057,Q057:C,choice,False,False,,,,pending
Q057,Q057:D,choice,False,False,,,,pending
Q058,Q058:A,choice,False,False,,,,pending
Q058,Q058:B,choice,False,False,,,,pending
Q058,Q058:C,choice,False,False,,,,pending
Q058,Q058:D,choice,False,False,,,,pending
Q059,Q059:A,choice,False,False,,,,pending
Q059,Q059:B,choice,False,False,,,,pending
Q059,Q059:C,choice,False,False,,,,pending
Q059,Q059:D,choice,False,False,,,,pending
Q060,Q060:A,choice,False,False,,,,pending
Q060,Q060:B,choice,False,False,,,,pending
Q060,Q060:C,choice,False,False,,,,pending
Q060,Q060:D,choice,False,False,,,,pending
Q061,Q061:A,choice,False,False,,,,pending
Q061,Q061:B,choice,False,False,,,,pending
Q061,Q061:C,choice,False,False,,,,pending
Q061,Q061:D,choice,False,False,,,,pending
Q061,Q061:E,choice,False,False,,,,pending
Q062,Q062:A,choice,False,False,,,,pending
Q062,Q062:B,choice,False,False,,,,pending
Q062,Q062:C,choice,False,False,,,,pending
Q062,Q062:D,choice,False,False,,,,pending
Q062,Q062:E,choice,False,False,,,,pending
Q063,Q063:A,choice,False,False,,,,pending
Q063,Q063:B,choice,False,False,,,,pending
Q063,Q063:C,choice,False,False,,,,pending
Q063,Q063:D,choice,False,False,,,,pending
Q064,Q064:A,choice,False,False,,,,pending
Q064,Q064:B,choice,False,False,,,,pending
Q064,Q064:C,choice,False,False,,,,pending
Q064,Q064:D,choice,False,False,,,,pending
Q065,Q065:A,choice,False,False,,,,pending
Q065,Q065:B,choice,False,False,,,,pending
Q065,Q065:C,choice,False,False,,,,pending
Q065,Q065:D,choice,False,False,,,,pending
Q066,Q066:A,choice,False,False,,,,pending
Q066,Q066:B,choice,False,False,,,,pending
Q066,Q066:C,choice,False,False,,,,pending
Q066,Q066:D,choice,False,False,,,,pending
Q066,Q066:E,choice,False,False,,,,pending
Q067,Q067:A,choice,False,False,,,,pending
Q067,Q067:B,choice,False,False,,,,pending
Q067,Q067:C,choice,False,False,,,,pending
Q067,Q067:D,choice,False,False,,,,pending
Q068,Q068:A,choice,False,False,,,,pending
Q068,Q068:B,choice,False,False,,,,pending
Q068,Q068:C,choice,False,False,,,,pending
Q068,Q068:D,choice,False,False,,,,pending
Q068,Q068:E,choice,False,False,,,,pending
Q069,Q069:A,choice,False,False,,,,pending
Q069,Q069:B,choice,False,False,,,,pending
Q069,Q069:C,choice,False,False,,,,pending
Q069,Q069:D,choice,False,False,,,,pending
Q070,Q070:A,choice,False,False,,,,pending
Q070,Q070:B,choice,False,False,,,,pending
Q070,Q070:C,choice,False,False,,,,pending
Q070,Q070:D,choice,False,False,,,,pending
Q071,Q071:A,choice,False,False,,,,pending
Q071,Q071:B,choice,False,False,,,,pending
Q071,Q071:C,choice,False,False,,,,pending
Q071,Q071:D,choice,False,False,,,,pending
Q072,Q072:A,choice,False,False,,,,pending
Q072,Q072:B,choice,False,False,,,,pending
Q072,Q072:C,choice,False,False,,,,pending
Q072,Q072:D,choice,False,False,,,,pending
Q073,Q073:S1,step,False,False,,,,pending
Q073,Q073:S2,step,False,False,,,,pending
Q073,Q073:S3,step,False,False,,,,pending
Q073,Q073:S4,step,False,False,,,,pending
Q073,Q073:S5,step,False,False,,,,pending
Q074,Q074:A,choice,False,False,,,,pending
Q074,Q074:B,choice,False,False,,,,pending
Q074,Q074:C,choice,False,False,,,,pending
Q074,Q074:D,choice,False,False,,,,pending
Q075,Q075:A,choice,False,False,,,,pending
Q075,Q075:B,choice,False,False,,,,pending
Q075,Q075:C,choice,False,False,,,,pending
Q075,Q075:D,choice,False,False,,,,pending
Q076,Q076:A,choice,False,False,,,,pending
Q076,Q076:B,choice,False,False,,,,pending
Q076,Q076:C,choice,False,False,,,,pending
Q076,Q076:D,choice,False,False,,,,pending
Q077,Q077:A,choice,False,False,,,,pending
Q077,Q077:B,choice,False,False,,,,pending
Q077,Q077:C,choice,False,False,,,,pending
Q077,Q077:D,choice,False,False,,,,pending
Q078,Q078:A,choice,False,False,,,,pending
Q078,Q078:B,choice,False,False,,,,pending
Q078,Q078:C,choice,False,False,,,,pending
Q078,Q078:D,choice,False,False,,,,pending
Q079,Q079:P1,prompt,False,False,,,,pending
Q079,Q079:P2,prompt,False,False,,,,pending
Q079,Q079:P3,prompt,False,False,,,,pending
Q079,Q079:R1,response,False,False,,,,pending
Q079,Q079:R2,response,False,False,,,,pending
Q079,Q079:R3,response,False,False,,,,pending
Q079,Q079:R4,response,False,False,,,,pending
Q079,Q079:R5,response,False,False,,,,pending
Q079,Q079:R6,response,False,False,,,,pending
Q080,Q080:A,choice,False,False,,,,pending
Q080,Q080:B,choice,False,False,,,,pending
Q080,Q080:C,choice,False,False,,,,pending
Q080,Q080:D,choice,False,False,,,,pending
Q081,Q081:P1,prompt,False,False,,,,pending
Q081,Q081:P2,prompt,False,False,,,,pending
Q081,Q081:P3,prompt,False,False,,,,pending
Q081,Q081:P4,prompt,False,False,,,,pending
Q081,Q081:P5,prompt,False,False,,,,pending
Q081,Q081:R1,response,False,False,,,,pending
Q081,Q081:R2,response,False,False,,,,pending
Q081,Q081:R3,response,False,False,,,,pending
Q081,Q081:R4,response,False,False,,,,pending
Q081,Q081:R5,response,False,False,,,,pending
Q082,Q082:P1,prompt,False,False,,,,pending
Q082,Q082:P2,prompt,False,False,,,,pending
Q082,Q082:P3,prompt,False,False,,,,pending
Q082,Q082:P4,prompt,False,False,,,,pending
Q082,Q082:P5,prompt,False,False,,,,pending
Q082,Q082:R1,response,False,False,,,,pending
Q082,Q082:R2,response,False,False,,,,pending
Q082,Q082:R3,response,False,False,,,,pending
Q082,Q082:R4,response,False,False,,,,pending
Q082,Q082:R5,response,False,False,,,,pending
Q083,Q083:A,choice,False,False,,,,pending
Q083,Q083:B,choice,False,False,,,,pending
Q083,Q083:C,choice,False,False,,,,pending
Q083,Q083:D,choice,False,False,,,,pending
Q084,Q084:A,choice,False,False,,,,pending
Q084,Q084:B,choice,False,False,,,,pending
Q084,Q084:C,choice,False,False,,,,pending
Q084,Q084:D,choice,False,False,,,,pending
Q085,Q085:A,choice,False,False,,,,pending
Q085,Q085:B,choice,False,False,,,,pending
Q085,Q085:C,choice,False,False,,,,pending
Q085,Q085:D,choice,False,False,,,,pending
Q086,Q086:A,choice,False,False,,,,pending
Q086,Q086:B,choice,False,False,,,,pending
Q086,Q086:C,choice,False,False,,,,pending
Q086,Q086:D,choice,False,False,,,,pending
Q087,Q087:A,choice,False,False,,,,pending
Q087,Q087:B,choice,False,False,,,,pending
Q087,Q087:C,choice,False,False,,,,pending
Q087,Q087:D,choice,False,False,,,,pending
Q087,Q087:E,choice,False,False,,,,pending
Q088,Q088:A,choice,False,False,,,,pending
Q088,Q088:B,choice,False,False,,,,pending
Q088,Q088:C,choice,False,False,,,,pending
Q088,Q088:D,choice,False,False,,,,pending
Q089,Q089:A,choice,False,False,,,,pending
Q089,Q089:B,choice,False,False,,,,pending
Q089,Q089:C,choice,False,False,,,,pending
Q089,Q089:D,choice,False,False,,,,pending
Q090,Q090:A,choice,False,False,,,,pending
Q090,Q090:B,choice,False,False,,,,pending
Q090,Q090:C,choice,False,False,,,,pending
Q090,Q090:D,choice,False,False,,,,pending
Q091,Q091:A,choice,False,False,,,,pending
Q091,Q091:B,choice,False,False,,,,pending
Q091,Q091:C,choice,False,False,,,,pending
Q091,Q091:D,choice,False,False,,,,pending
Q092,Q092:A,choice,False,False,,,,pending
Q092,Q092:B,choice,False,False,,,,pending
Q092,Q092:C,choice,False,False,,,,pending
Q092,Q092:D,choice,False,False,,,,pending
Q092,Q092:E,choice,False,False,,,,pending
Q093,Q093:A,choice,False,False,,,,pending
Q093,Q093:B,choice,False,False,,,,pending
Q093,Q093:C,choice,False,False,,,,pending
Q093,Q093:D,choice,False,False,,,,pending
Q094,Q094:A,choice,False,False,,,,pending
Q094,Q094:B,choice,False,False,,,,pending
Q094,Q094:C,choice,False,False,,,,pending
Q094,Q094:D,choice,False,False,,,,pending
Q095,Q095:A,choice,False,False,,,,pending
Q095,Q095:B,choice,False,False,,,,pending
Q095,Q095:C,choice,False,False,,,,pending
Q095,Q095:D,choice,False,False,,,,pending
Q096,Q096:A,choice,False,False,,,,pending
Q096,Q096:B,choice,False,False,,,,pending
Q096,Q096:C,choice,False,False,,,,pending
Q096,Q096:D,choice,False,False,,,,pending
Q097,Q097:A,choice,False,False,,,,pending
Q097,Q097:B,choice,False,False,,,,pending
Q097,Q097:C,choice,False,False,,,,pending
Q097,Q097:D,choice,False,False,,,,pending
Q098,Q098:A,choice,False,False,,,,pending
Q098,Q098:B,choice,False,False,,,,pending
Q098,Q098:C,choice,False,False,,,,pending
Q098,Q098:D,choice,False,False,,,,pending
Q099,Q099:A,choice,False,False,,,,pending
Q099,Q099:B,choice,False,False,,,,pending
Q099,Q099:C,choice,False,False,,,,pending
Q099,Q099:D,choice,False,False,,,,pending
Q100,Q100:A,choice,False,False,,,,pending
Q100,Q100:B,choice,False,False,,,,pending
Q100,Q100:C,choice,False,False,,,,pending
Q100,Q100:D,choice,False,False,,,,pending
Q101,Q101:A,choice,False,False,,,,pending
Q101,Q101:B,choice,False,False,,,,pending
Q101,Q101:C,choice,False,False,,,,pending
Q101,Q101:D,choice,False,False,,,,pending
Q102,Q102:A,choice,False,False,,,,pending
Q102,Q102:B,choice,False,False,,,,pending
Q102,Q102:C,choice,False,False,,,,pending
Q102,Q102:D,choice,False,False,,,,pending
Q102,Q102:E,choice,False,False,,,,pending
Q103,Q103:A,choice,False,False,,,,pending
Q103,Q103:B,choice,False,False,,,,pending
Q103,Q103:C,choice,False,False,,,,pending
Q103,Q103:D,choice,False,False,,,,pending
Q104,Q104:A,choice,False,False,,,,pending
Q104,Q104:B,choice,False,False,,,,pending
Q104,Q104:C,choice,False,False,,,,pending
Q104,Q104:D,choice,False,False,,,,pending
Q105,Q105:A,choice,False,False,,,,pending
Q105,Q105:B,choice,False,False,,,,pending
Q105,Q105:C,choice,False,False,,,,pending
Q105,Q105:D,choice,False,False,,,,pending
Q106,Q106:A,choice,False,False,,,,pending
Q106,Q106:B,choice,False,False,,,,pending
Q106,Q106:C,choice,False,False,,,,pending
Q106,Q106:D,choice,False,False,,,,pending
Q107,Q107:A,choice,False,False,,,,pending
Q107,Q107:B,choice,False,False,,,,pending
Q107,Q107:C,choice,False,False,,,,pending
Q107,Q107:D,choice,False,False,,,,pending
Q108,Q108:A,choice,False,False,,,,pending
Q108,Q108:B,choice,False,False,,,,pending
Q108,Q108:C,choice,False,False,,,,pending
Q108,Q108:D,choice,False,False,,,,pending
Q109,Q109:A,choice,False,False,,,,pending
Q109,Q109:B,choice,False,False,,,,pending
Q109,Q109:C,choice,False,False,,,,pending
Q109,Q109:D,choice,False,False,,,,pending
Q110,Q110:A,choice,False,False,,,,pending
Q110,Q110:B,choice,False,False,,,,pending
Q110,Q110:C,choice,False,False,,,,pending
Q110,Q110:D,choice,False,False,,,,pending
Q111,Q111:A,choice,False,False,,,,pending
Q111,Q111:B,choice,False,False,,,,pending
Q111,Q111:C,choice,False,False,,,,pending
Q111,Q111:D,choice,False,False,,,,pending
Q111,Q111:E,choice,False,False,,,,pending
Q112,Q112:A,choice,False,False,,,,pending
Q112,Q112:B,choice,False,False,,,,pending
Q112,Q112:C,choice,False,False,,,,pending
Q112,Q112:D,choice,False,False,,,,pending
Q113,Q113:A,choice,False,False,,,,pending
Q113,Q113:B,choice,False,False,,,,pending
Q113,Q113:C,choice,False,False,,,,pending
Q113,Q113:D,choice,False,False,,,,pending
Q114,Q114:A,choice,False,False,,,,pending
Q114,Q114:B,choice,False,False,,,,pending
Q114,Q114:C,choice,False,False,,,,pending
Q114,Q114:D,choice,False,False,,,,pending
Q115,Q115:A,choice,False,False,,,,pending
Q115,Q115:B,choice,False,False,,,,pending
Q115,Q115:C,choice,False,False,,,,pending
Q115,Q115:D,choice,False,False,,,,pending
Q116,Q116:A,choice,False,False,,,,pending
Q116,Q116:B,choice,False,False,,,,pending
Q116,Q116:C,choice,False,False,,,,pending
Q116,Q116:D,choice,False,False,,,,pending
Q117,Q117:A,choice,False,False,,,,pending
Q117,Q117:B,choice,False,False,,,,pending
Q117,Q117:C,choice,False,False,,,,pending
Q117,Q117:D,choice,False,False,,,,pending
Q117,Q117:E,choice,False,False,,,,pending
Q117,Q117:F,choice,False,False,,,,pending
Q118,Q118:A,choice,False,False,,,,pending
Q118,Q118:B,choice,False,False,,,,pending
Q118,Q118:C,choice,False,False,,,,pending
Q118,Q118:D,choice,False,False,,,,pending
Q119,Q119:A,choice,False,False,,,,pending
Q119,Q119:B,choice,False,False,,,,pending
Q119,Q119:C,choice,False,False,,,,pending
Q119,Q119:D,choice,False,False,,,,pending
Q119,Q119:E,choice,False,False,,,,pending
Q120,Q120:A,choice,False,False,,,,pending
Q120,Q120:B,choice,False,False,,,,pending
Q120,Q120:C,choice,False,False,,,,pending
Q120,Q120:D,choice,False,False,,,,pending
Q120,Q120:E,choice,False,False,,,,pending
Q121,Q121:A,choice,False,False,,,,pending
Q121,Q121:B,choice,False,False,,,,pending
Q121,Q121:C,choice,False,False,,,,pending
Q121,Q121:D,choice,False,False,,,,pending
Q122,Q122:A,choice,False,False,,,,pending
Q122,Q122:B,choice,False,False,,,,pending
Q122,Q122:C,choice,False,False,,,,pending
Q122,Q122:D,choice,False,False,,,,pending
Q123,Q123:A,choice,False,False,,,,pending
Q123,Q123:B,choice,False,False,,,,pending
Q123,Q123:C,choice,False,False,,,,pending
Q123,Q123:D,choice,False,False,,,,pending
Q124,Q124:A,choice,False,False,,,,pending
Q124,Q124:B,choice,False,False,,,,pending
Q124,Q124:C,choice,False,False,,,,pending
Q124,Q124:D,choice,False,False,,,,pending
Q124,Q124:E,choice,False,False,,,,pending
Q125,Q125:A,choice,False,False,,,,pending
Q125,Q125:B,choice,False,False,,,,pending
Q125,Q125:C,choice,False,False,,,,pending
Q125,Q125:D,choice,False,False,,,,pending
Q126,Q126:A,choice,False,False,,,,pending
Q126,Q126:B,choice,False,False,,,,pending
Q126,Q126:C,choice,False,False,,,,pending
Q126,Q126:D,choice,False,False,,,,pending
Q126,Q126:E,choice,False,False,,,,pending
Q127,Q127:A,choice,False,False,,,,pending
Q127,Q127:B,choice,False,False,,,,pending
Q127,Q127:C,choice,False,False,,,,pending
Q127,Q127:D,choice,False,False,,,,pending
Q128,Q128:A,choice,False,False,,,,pending
Q128,Q128:B,choice,False,False,,,,pending
Q128,Q128:C,choice,False,False,,,,pending
Q128,Q128:D,choice,False,False,,,,pending
Q129,Q129:A,choice,False,False,,,,pending
Q129,Q129:B,choice,False,False,,,,pending
Q129,Q129:C,choice,False,False,,,,pending
Q129,Q129:D,choice,False,False,,,,pending
Q129,Q129:E,choice,False,False,,,,pending
Q130,Q130:A,choice,False,False,,,,pending
Q130,Q130:B,choice,False,False,,,,pending
Q130,Q130:C,choice,False,False,,,,pending
Q130,Q130:D,choice,False,False,,,,pending
Q131,Q131:A,choice,False,False,,,,pending
Q131,Q131:B,choice,False,False,,,,pending
Q131,Q131:C,choice,False,False,,,,pending
Q131,Q131:D,choice,False,False,,,,pending
Q132,Q132:A,choice,False,False,,,,pending
Q132,Q132:B,choice,False,False,,,,pending
Q132,Q132:C,choice,False,False,,,,pending
Q132,Q132:D,choice,False,False,,,,pending
Q133,Q133:A,choice,False,False,,,,pending
Q133,Q133:B,choice,False,False,,,,pending
Q133,Q133:C,choice,False,False,,,,pending
Q133,Q133:D,choice,False,False,,,,pending
Q134,Q134:A,choice,False,False,,,,pending
Q134,Q134:B,choice,False,False,,,,pending
Q134,Q134:C,choice,False,False,,,,pending
Q134,Q134:D,choice,False,False,,,,pending
Q135,Q135:A,choice,False,False,,,,pending
Q135,Q135:B,choice,False,False,,,,pending
Q135,Q135:C,choice,False,False,,,,pending
Q135,Q135:D,choice,False,False,,,,pending
Q136,Q136:A,choice,False,False,,,,pending
Q136,Q136:B,choice,False,False,,,,pending
Q136,Q136:C,choice,False,False,,,,pending
Q136,Q136:D,choice,False,False,,,,pending
Q137,Q137:A,choice,False,False,,,,pending
Q137,Q137:B,choice,False,False,,,,pending
Q137,Q137:C,choice,False,False,,,,pending
Q137,Q137:D,choice,False,False,,,,pending
Q137,Q137:E,choice,False,False,,,,pending
Q138,Q138:A,choice,False,False,,,,pending
Q138,Q138:B,choice,False,False,,,,pending
Q138,Q138:C,choice,False,False,,,,pending
Q138,Q138:D,choice,False,False,,,,pending
Q139,Q139:A,choice,False,False,,,,pending
Q139,Q139:B,choice,False,False,,,,pending
Q139,Q139:C,choice,False,False,,,,pending
Q139,Q139:D,choice,False,False,,,,pending
Q139,Q139:E,choice,False,False,,,,pending
Q140,Q140:A,choice,False,False,,,,pending
Q140,Q140:B,choice,False,False,,,,pending
Q140,Q140:C,choice,False,False,,,,pending
Q140,Q140:D,choice,False,False,,,,pending
Q141,Q141:A,choice,False,False,,,,pending
Q141,Q141:B,choice,False,False,,,,pending
Q141,Q141:C,choice,False,False,,,,pending
Q141,Q141:D,choice,False,False,,,,pending
Q142,Q142:A,choice,False,False,,,,pending
Q142,Q142:B,choice,False,False,,,,pending
Q142,Q142:C,choice,False,False,,,,pending
Q142,Q142:D,choice,False,False,,,,pending
Q143,Q143:A,choice,False,False,,,,pending
Q143,Q143:B,choice,False,False,,,,pending
Q143,Q143:C,choice,False,False,,,,pending
Q143,Q143:D,choice,False,False,,,,pending
