question_id,source_answer,r1_answer,r1_status,independent_answer,independent_status,r2_answer,r2_status,changed_answer_or_status,root_adjudication,reason_vi,reference_urls,units_reviewed,independent_sha256
Q001,"[""Q001:C""]","[""Q001:C""]",verified,,ambiguous,,ambiguous,True,,C không sửa principal/SourceArn; không giữ verified khi điều kiện đủ quyền vẫn sai.,"[""https://docs.aws.amazon.com/lambda/latest/dg/permissions-source-function-arn.html"", ""https://docs.aws.amazon.com/AmazonS3/latest/userguide/security_iam_service-with-iam.html"", ""https://docs.aws.amazon.com/IAM/latest/UserGuide/reference_policies_elements_principal.html""]",4,cd29321ce10df06615cf877f902f5eb07c1b46377e0554de2cd6bd700205af99
Q002,"[""Q002:S1"", ""Q002:S5"", ""Q002:S3""]","[""Q002:S1"", ""Q002:S5"", ""Q002:S3""]",verified,"[""Q002:S1"", ""Q002:S5"", ""Q002:S3""]",ambiguous,,ambiguous,True,,Phân biệt JWT token và temporary AWS credentials; user pool không tự phát AWS credentials.,"[""https://docs.aws.amazon.com/cognito/latest/developerguide/amazon-cognito-integrating-user-pools-with-identity-pools.html"", ""https://docs.aws.amazon.com/apigateway/latest/developerguide/http-api-lambda-authorizer.html""]",6,cd29321ce10df06615cf877f902f5eb07c1b46377e0554de2cd6bd700205af99
Q003,"[""Q003:B""]","[""Q003:B""]",verified,Q003:B,verified,"[""Q003:B""]",verified,False,,"Giữ B; ghi rõ D nhắc NotAction không tồn tại, và BoolIfExists=true vẫn deny khi key vắng.","[""https://docs.aws.amazon.com/cli/latest/reference/sts/get-session-token.html""]",4,cd29321ce10df06615cf877f902f5eb07c1b46377e0554de2cd6bd700205af99
Q004,"[""Q004:C""]","[""Q004:C""]",verified,Q004:C,verified,"[""Q004:C""]",verified,False,,Giữ C; sửa D: StringEquals nhắm eu-west-1 chứ không phải Region khác; Allow không hạn chế default SCP.,"[""https://docs.aws.amazon.com/organizations/latest/userguide/orgs_manage_policies_scps_syntax.html""]",4,cd29321ce10df06615cf877f902f5eb07c1b46377e0554de2cd6bd700205af99
Q005,"[""Q005:S6"", ""Q005:S1"", ""Q005:S3""]","[""Q005:S6"", ""Q005:S1"", ""Q005:S3""]",ambiguous,"[""Q005:S1"", ""Q005:S3"", ""Q005:S4""]",ambiguous,,ambiguous,True,,"Không ép source tutorial thành chuỗi duy nhất; cả metadata và SCIM là bước hợp lệ, scope không xác định.","[""https://docs.aws.amazon.com/singlesignon/latest/userguide/how-to-connect-idp.html"", ""https://docs.aws.amazon.com/singlesignon/latest/userguide/how-to-with-scim.html""]",6,cd29321ce10df06615cf877f902f5eb07c1b46377e0554de2cd6bd700205af99
Q006,"[""Q006:C""]","[""Q006:C""]",verified,Q006:C,verified,"[""Q006:C""]",verified,False,,Kết luận C và giới hạn ViaService đúng; rút gọn.,"[""https://docs.aws.amazon.com/kms/latest/developerguide/conditions-kms.html""]",4,cd29321ce10df06615cf877f902f5eb07c1b46377e0554de2cd6bd700205af99
Q007,"[""Q007:B""]","[""Q007:B""]",verified,,ambiguous,,ambiguous,True,,Bucket ARN không deny object APIs; principal đúng không đủ để verified whole policy.,"[""https://docs.aws.amazon.com/IAM/latest/UserGuide/reference_policies_elements_principal.html"", ""https://docs.aws.amazon.com/AmazonS3/latest/userguide/security_iam_service-with-iam.html""]",4,cd29321ce10df06615cf877f902f5eb07c1b46377e0554de2cd6bd700205af99
Q008,"{""Q008:P1"": ""Q008:R5"", ""Q008:P2"": ""Q008:R4"", ""Q008:P3"": ""Q008:R3"", ""Q008:P4"": ""Q008:R1"", ""Q008:P5"": ""Q008:R2""}",,ambiguous,"{""Q008:P1"": null, ""Q008:P2"": ""Q008:R4"", ""Q008:P3"": ""Q008:R3"", ""Q008:P4"": ""Q008:R1"", ""Q008:P5"": null}",unresolved,,unresolved,True,,Không chấm full mapping; P1/P5 trùng; custom insights không tự chứng minh multi-stage correlation.,"[""https://docs.aws.amazon.com/vpc/latest/userguide/flow-logs-cwl.html"", ""https://docs.aws.amazon.com/AmazonCloudWatch/latest/logs/MonitoringLogData.html"", ""https://docs.aws.amazon.com/awscloudtrail/latest/userguide/logging-insights-events-with-cloudtrail.html"", ""https://docs.aws.amazon.com/securityhub/latest/userguide/securityhub-custom-insights.html"", ""https://docs.aws.amazon.com/securityhub/latest/userguide/securityhub-cwe-all-findings.html""]",10,cd29321ce10df06615cf877f902f5eb07c1b46377e0554de2cd6bd700205af99
Q009,"[""Q009:B""]","[""Q009:B""]",verified,Q009:B,verified,"[""Q009:B""]",verified,False,,Giữ B; compliance retention và Object Lock đích là điều kiện cần đã nêu.,"[""https://docs.aws.amazon.com/AmazonS3/latest/userguide/object-lock.html"", ""https://docs.aws.amazon.com/AmazonS3/latest/userguide/object-lock-managing.html"", ""https://docs.aws.amazon.com/aws-backup/latest/devguide/vault-lock.html""]",4,cd29321ce10df06615cf877f902f5eb07c1b46377e0554de2cd6bd700205af99
Q010,"[""Q010:B""]","[""Q010:B""]",verified,Q010:B,ambiguous,,ambiguous,True,,"State enabled/usable mâu thuẫn PendingReplicaDeletion, nên B chỉ là ý định sau sửa nguồn.","[""https://docs.aws.amazon.com/kms/latest/developerguide/deleting-keys.html"", ""https://docs.aws.amazon.com/kms/latest/developerguide/key-state.html""]",4,cd29321ce10df06615cf877f902f5eb07c1b46377e0554de2cd6bd700205af99
Q011,"[""Q011:B""]","[""Q011:B""]",verified,Q011:B,ambiguous,,ambiguous,True,,Tách native shell khỏi SSH-over-SSM và ghi pricing chính thức có ngày hiệu lực hiện hành; không verified mọi literal yêu cầu.,"[""https://docs.aws.amazon.com/systems-manager/latest/userguide/session-manager.html"", ""https://docs.aws.amazon.com/systems-manager/latest/userguide/session-manager-getting-started-enable-ssh-connections.html"", ""https://aws.amazon.com/systems-manager/pricing/""]",4,cd29321ce10df06615cf877f902f5eb07c1b46377e0554de2cd6bd700205af99
Q012,"[""Q012:C""]","[""Q012:C""]",verified,Q012:C,verified,"[""Q012:C""]",verified,False,,Giữ C; hai GuardDuty features và runtime-node support được xác nhận.,"[""https://docs.aws.amazon.com/guardduty/latest/ug/kubernetes-protection.html"", ""https://docs.aws.amazon.com/guardduty/latest/ug/runtime-monitoring.html"", ""https://docs.aws.amazon.com/guardduty/latest/ug/guardduty_findings_eventbridge.html""]",4,cd29321ce10df06615cf877f902f5eb07c1b46377e0554de2cd6bd700205af99
Q013,"[""Q013:A"", ""Q013:E""]","[""Q013:A"", ""Q013:E""]",verified,"[""Q013:A"", ""Q013:E""]",ambiguous,,ambiguous,True,,"E sai dấu đóng biến và shorthand ARN; AE chỉ sau sửa nguồn, không verified literal option.","[""https://docs.aws.amazon.com/iot/latest/developerguide/basic-policy-variables.html"", ""https://docs.aws.amazon.com/iot/latest/developerguide/thing-policy-variables.html""]",5,cd29321ce10df06615cf877f902f5eb07c1b46377e0554de2cd6bd700205af99
Q014,"[""Q014:B""]","[""Q014:B""]",verified,Q014:B,verified,"[""Q014:B""]",verified,False,,Giữ B; giải thích Daily recording rõ thay vì coi mọi thay đổi nhanh tự gộp.,"[""https://docs.aws.amazon.com/config/latest/developerguide/how-does-config-work.html"", ""https://docs.aws.amazon.com/config/latest/APIReference/API_RecordingMode.html""]",4,cd29321ce10df06615cf877f902f5eb07c1b46377e0554de2cd6bd700205af99
Q015,"[""Q015:D""]","[""Q015:D""]",verified,Q015:D,ambiguous,"[""Q015:D""]",verified,False,"D dùng dịch vụ KMS và CloudTrail. Đề chỉ ràng buộc symmetric KMS keys vào custom store, không nói mọi data-key pair phải dùng chính các key đó; GenerateDataKeyPair cần symmetric key riêng ở standard store.","D dùng dịch vụ KMS và CloudTrail. Đề chỉ ràng buộc symmetric KMS keys vào custom store, không nói mọi data-key pair phải dùng chính các key đó; GenerateDataKeyPair cần symmetric key riêng ở standard store.","[""https://docs.aws.amazon.com/kms/latest/developerguide/keystore-cloudhsm.html"", ""https://docs.aws.amazon.com/kms/latest/APIReference/API_GenerateDataKeyPair.html"", ""https://docs.aws.amazon.com/kms/latest/developerguide/logging-using-cloudtrail.html""]",4,cd29321ce10df06615cf877f902f5eb07c1b46377e0554de2cd6bd700205af99
Q016,"[""Q016:C""]","[""Q016:C""]",verified,Q016:C,verified,"[""Q016:C""]",verified,False,,Giữ C; không suy mặc định never-expire áp dụng log group hiện có; đặt/kiểm tra >=365 ngày.,"[""https://docs.aws.amazon.com/AmazonCloudWatch/latest/monitoring/CloudWatch-Agent-Configuration-File-Details.html""]",4,cd29321ce10df06615cf877f902f5eb07c1b46377e0554de2cd6bd700205af99
Q017,"[""Q017:A""]","[""Q017:A""]",verified,Q017:A,verified,"[""Q017:A""]",verified,False,,"Giữ A; endpoint policy chặn cả external credentials, SCP không làm được.","[""https://docs.aws.amazon.com/whitepapers/latest/building-a-data-perimeter-on-aws/perimeter-implementation.html""]",4,cd29321ce10df06615cf877f902f5eb07c1b46377e0554de2cd6bd700205af99
Q018,"[""Q018:A""]","[""Q018:A""]",verified,Q018:A,verified,"[""Q018:A""]",verified,False,,Giữ A; PITR tạo cluster mới và timestamp cần timezone/earliest-latest restorable range.,"[""https://docs.aws.amazon.com/AmazonRDS/latest/APIReference/API_RestoreDBClusterToPointInTime.html""]",4,cd29321ce10df06615cf877f902f5eb07c1b46377e0554de2cd6bd700205af99
Q019,"[""Q019:D""]","[""Q019:D""]",verified,,ambiguous,,ambiguous,True,,Disable Identity Center user không revoke active AWS role sessions; sửa kết luận immediate và phân biệt IAM user/IdC user.,"[""https://docs.aws.amazon.com/singlesignon/latest/userguide/revoke-user-permissions.html"", ""https://docs.aws.amazon.com/awscloudtrail/latest/userguide/query-event-data-store.html"", ""https://docs.aws.amazon.com/IAM/latest/UserGuide/reference_policies_elements_principal.html""]",4,cd29321ce10df06615cf877f902f5eb07c1b46377e0554de2cd6bd700205af99
Q020,"[""Q020:A""]","[""Q020:A""]",verified,Q020:A,verified,"[""Q020:A""]",verified,False,,Giữ A; Inspector phát hiện và Patch Manager khắc phục.,"[""https://docs.aws.amazon.com/inspector/latest/user/scanning-ec2.html"", ""https://docs.aws.amazon.com/systems-manager/latest/userguide/patch-manager.html""]",4,cd29321ce10df06615cf877f902f5eb07c1b46377e0554de2cd6bd700205af99
Q021,"[""Q021:C""]","[""Q021:C""]",verified,Q021:C,verified,"[""Q021:C""]",verified,False,,"Giữ C; lấy mẫu hằng ngày, full job chỉ object/format đủ điều kiện; không hứa mọi object.","[""https://docs.aws.amazon.com/macie/latest/user/discovery-asdd-how-it-works.html""]",4,cd29321ce10df06615cf877f902f5eb07c1b46377e0554de2cd6bd700205af99
Q022,"[""Q022:D""]","[""Q022:D""]",verified,Q022:D,verified,"[""Q022:D""]",verified,False,,"Giữ D; không nói import key nói chung bất khả thi, mà key mới không giải mã snapshot cũ; cross-account cần hai phía.","[""https://docs.aws.amazon.com/AmazonRDS/latest/UserGuide/share-encrypted-snapshot.html""]",4,cd29321ce10df06615cf877f902f5eb07c1b46377e0554de2cd6bd700205af99
Q023,"[""Q023:A""]","[""Q023:A""]",verified,Q023:A,ambiguous,,ambiguous,True,,A chỉ Aurora MySQL; unspecified engine cần ambiguous thay vì verified mặc dù caveat đã có.,"[""https://docs.aws.amazon.com/AmazonRDS/latest/AuroraUserGuide/AuroraMySQL.Security.html"", ""https://docs.aws.amazon.com/AmazonRDS/latest/AuroraUserGuide/AuroraPostgreSQL.Security.html""]",4,cd29321ce10df06615cf877f902f5eb07c1b46377e0554de2cd6bd700205af99
Q024,"[""Q024:A""]",,ambiguous,Q024:C,verified,"[""Q024:C""]",verified,True,,Đổi null/ambiguous thành C: ứng dụng được phép thay đổi nên có thể dùng shared rolling atomic counter; least effort chỉ so các đáp án đáp ứng.,"[""https://docs.aws.amazon.com/waf/latest/APIReference/API_RateBasedStatement.html"", ""https://docs.aws.amazon.com/amazondynamodb/latest/developerguide/example_dynamodb_Scenario_AtomicCounterOperations_section.html"", ""https://docs.aws.amazon.com/amazondynamodb/latest/developerguide/TTL.html""]",4,cd29321ce10df06615cf877f902f5eb07c1b46377e0554de2cd6bd700205af99
Q025,"[""Q025:B""]","[""Q025:B""]",verified,Q025:B,verified,"[""Q025:B""]",verified,False,,Giữ B; stateless return/ephemeral và thứ tự rule đúng.,"[""https://docs.aws.amazon.com/vpc/latest/userguide/custom-network-acl.html""]",4,cd29321ce10df06615cf877f902f5eb07c1b46377e0554de2cd6bd700205af99
Q026,"[""Q026:D""]","[""Q026:D""]",verified,Q026:D,ambiguous,,ambiguous,True,,Không loại B chỉ vì inline policy: inline attach role là hợp lệ; task role không cô lập specific container; DBA plaintext vẫn cần hạn chế riêng.,"[""https://docs.aws.amazon.com/AmazonECS/latest/developerguide/task-iam-roles.html"", ""https://docs.aws.amazon.com/secretsmanager/latest/userguide/rotating-secrets.html"", ""https://docs.aws.amazon.com/IAM/latest/UserGuide/access_policies_managed-vs-inline.html""]",4,cd29321ce10df06615cf877f902f5eb07c1b46377e0554de2cd6bd700205af99
Q027,"[""Q027:A"", ""Q027:C""]","[""Q027:A"", ""Q027:C""]",verified,"[""Q027:A"", ""Q027:C""]",verified,"[""Q027:A"", ""Q027:C""]",verified,False,,Giữ AC; conditional Allow đơn lẻ không buộc tất cả requests dùng VPCE nếu còn Allow khác.,"[""https://docs.aws.amazon.com/kms/latest/developerguide/vpce-policy-condition.html"", ""https://docs.aws.amazon.com/kms/latest/developerguide/vpce-connect.html""]",5,cd29321ce10df06615cf877f902f5eb07c1b46377e0554de2cd6bd700205af99
Q028,"[""Q028:D""]","[""Q028:D""]",verified,Q028:D,verified,"[""Q028:D""]",verified,False,,"Giữ D; revoke issued sessions trước cutoff, không ngăn phát hành credentials mới nếu instance còn bị kiểm soát.","[""https://docs.aws.amazon.com/IAM/latest/UserGuide/id_roles_use_revoke-sessions.html""]",4,cd29321ce10df06615cf877f902f5eb07c1b46377e0554de2cd6bd700205af99
Q029,"[""Q029:B""]","[""Q029:B""]",verified,Q029:B,verified,"[""Q029:B""]",verified,False,,Giữ B; sửa D tránh khẳng định KMS không bao giờ trả plaintext keys; SSE-C không chịu KMS decrypt authorization như SSE-KMS.,"[""https://docs.aws.amazon.com/AmazonS3/latest/userguide/UsingKMSEncryption.html"", ""https://docs.aws.amazon.com/AmazonS3/latest/userguide/ServerSideEncryptionCustomerKeys.html""]",4,cd29321ce10df06615cf877f902f5eb07c1b46377e0554de2cd6bd700205af99
Q030,"[""Q030:A""]","[""Q030:A""]",verified,Q030:A,verified,"[""Q030:A""]",verified,False,,"Giữ A; sensitive publication opt-in từng account/Region, delegated admin không thay settings member tự động.","[""https://docs.aws.amazon.com/macie/latest/user/accounts-mgmt-ao.html"", ""https://docs.aws.amazon.com/macie/latest/user/findings-publish-frequency.html""]",4,cd29321ce10df06615cf877f902f5eb07c1b46377e0554de2cd6bd700205af99
Q031,"[""Q031:B""]","[""Q031:B""]",verified,Q031:B,verified,"[""Q031:B""]",verified,False,,Giữ B; test domain phải thực sự trong threat/test context; example.com không tự sinh finding.,"[""https://docs.aws.amazon.com/guardduty/latest/ug/guardduty_data-sources.html"", ""https://docs.aws.amazon.com/guardduty/latest/ug/securityhub-integration.html""]",4,cd29321ce10df06615cf877f902f5eb07c1b46377e0554de2cd6bd700205af99
Q032,"[""Q032:B"", ""Q032:C""]","[""Q032:B"", ""Q032:C""]",verified,"[""Q032:B"", ""Q032:C""]",verified,"[""Q032:B"", ""Q032:C""]",verified,False,,Giữ BC; Cognito đã có minimum length nên premise không có bất kỳ minimum là sai literal.,"[""https://docs.aws.amazon.com/cognito/latest/developerguide/managing-users-passwords.html"", ""https://docs.aws.amazon.com/IAM/latest/UserGuide/id_credentials_passwords_account-policy.html""]",5,cd29321ce10df06615cf877f902f5eb07c1b46377e0554de2cd6bd700205af99
Q033,"[""Q033:C""]","[""Q033:C""]",verified,Q033:C,verified,"[""Q033:C""]",verified,False,,"Giữ C; User-Agent có thể giả mạo, block marker không bảo đảm chặn mọi credential stuffing.","[""https://docs.aws.amazon.com/waf/latest/developerguide/waf-rule-statement-type-string-match.html"", ""https://docs.aws.amazon.com/vpc/latest/userguide/vpc-security-groups.html""]",4,cd29321ce10df06615cf877f902f5eb07c1b46377e0554de2cd6bd700205af99
Q034,"[""Q034:A""]","[""Q034:A""]",verified,Q034:A,verified,"[""Q034:A""]",verified,False,,Giữ A; gắn WAF trước cả hai instance và restrict direct path để tránh bypass.,"[""https://docs.aws.amazon.com/waf/latest/developerguide/waf-rule-statement-type-sqli-match.html"", ""https://docs.aws.amazon.com/waf/latest/developerguide/how-aws-waf-works-resources.html""]",4,cd29321ce10df06615cf877f902f5eb07c1b46377e0554de2cd6bd700205af99
Q035,"[""Q035:B""]","[""Q035:B""]",verified,Q035:B,verified,"[""Q035:B""]",verified,False,,Giữ B; AWS docs trực tiếp chỉ eic_harvest_hostkeys sau rotation.,"[""https://docs.aws.amazon.com/AWSEC2/latest/UserGuide/TroubleshootingInstancesConnecting.html""]",4,cd29321ce10df06615cf877f902f5eb07c1b46377e0554de2cd6bd700205af99
Q036,"[""Q036:C""]","[""Q036:C""]",verified,Q036:C,verified,"[""Q036:C""]",verified,False,,Giữ C; Macie/EventBridge/SNS là tích hợp native phù hợp.,"[""https://docs.aws.amazon.com/macie/latest/user/what-is-macie.html""]",4,cd29321ce10df06615cf877f902f5eb07c1b46377e0554de2cd6bd700205af99
Q037,"[""Q037:B""]","[""Q037:B""]",verified,"[""Q037:B""]",verified,"[""Q037:B""]",verified,False,,Kết luận đúng; giảm độ dài và ghi rõ phạm vi API Gateway REST API stages.,"[""https://docs.aws.amazon.com/waf/latest/developerguide/fms-chapter.html""]",4,74c819666c3836746974db05f3a3b4663062b3738b9f2750b013613b3a306dfc
Q038,"[""Q038:C""]","[""Q038:C""]",verified,"[""Q038:C""]",verified,"[""Q038:C""]",verified,False,,"Kết luận đúng; cần outbound application SG cho phép tới DB, không suy ra chỉ từ stateful.","[""https://docs.aws.amazon.com/vpc/latest/peering/vpc-peering-security-groups.html""]",4,74c819666c3836746974db05f3a3b4663062b3738b9f2750b013613b3a306dfc
Q039,"[""Q039:D""]","[""Q039:D""]",verified,"[""Q039:D""]",verified,"[""Q039:D""]",verified,False,,Role production đúng trong các lựa chọn; câu 'role cross-account phải luôn ở account tài nguyên' quá tuyệt đối vì còn resource policies.,"[""https://docs.aws.amazon.com/IAM/latest/UserGuide/id_roles_common-scenarios_aws-accounts.html"", ""https://docs.aws.amazon.com/STS/latest/APIReference/API_AssumeRole.html""]",4,74c819666c3836746974db05f3a3b4663062b3738b9f2750b013613b3a306dfc
Q040,"[""Q040:D""]","[""Q040:D""]",verified,,ambiguous,"[""Q040:D""]",verified,False,"Giữ D: ngữ cảnh fix cần4giờ, instance vẫn bị chiếm, nên revoke các session cũ không ngăn attacker lấy credentials mới. D là biện pháp duy trì chặn đọc trong thời gian khắc phục; không suy diễn ngắt stream đã authorize.","Giữ D: ngữ cảnh fix cần4giờ, instance vẫn bị chiếm, nên revoke các session cũ không ngăn attacker lấy credentials mới. D là biện pháp duy trì chặn đọc trong thời gian khắc phục; không suy diễn ngắt stream đã authorize.","[""https://docs.aws.amazon.com/IAM/latest/UserGuide/id_roles_use_revoke-sessions.html"", ""https://docs.aws.amazon.com/guardduty/latest/ug/compromised-ec2.html"", ""https://docs.aws.amazon.com/AmazonS3/latest/userguide/object-lock.html""]",4,74c819666c3836746974db05f3a3b4663062b3738b9f2750b013613b3a306dfc
Q041,"[""Q041:B""]","[""Q041:B""]",verified,"[""Q041:B""]",ambiguous,,ambiguous,True,,"Không thể chứng minh 'sớm nhất' tuyệt đối; hourly poll không đồng nghĩa hourly dữ liệu, nhưng cũng không tự chứng minh B luôn đến trước A.","[""https://docs.aws.amazon.com/cost-management/latest/userguide/manage-ad.html"", ""https://docs.aws.amazon.com/cur/latest/userguide/dataexports-export-delivery.html""]",4,74c819666c3836746974db05f3a3b4663062b3738b9f2750b013613b3a306dfc
Q042,"[""Q042:A"", ""Q042:D""]","[""Q042:A"", ""Q042:D""]",verified,"[""Q042:A"", ""Q042:D""]",verified,"[""Q042:A"", ""Q042:D""]",verified,False,,Đúng; JSON structured log là điều kiện để tự nhận diện trường mà không parse tùy chỉnh.,"[""https://docs.aws.amazon.com/apigateway/latest/developerguide/set-up-logging.html"", ""https://docs.aws.amazon.com/AmazonCloudWatch/latest/logs/AnalyzingLogData.html""]",5,74c819666c3836746974db05f3a3b4663062b3738b9f2750b013613b3a306dfc
Q043,"[""Q043:D""]","[""Q043:D""]",verified,"[""Q043:D""]",verified,"[""Q043:D""]",verified,False,,Đúng; dùng current trail và home Region.,"[""https://docs.aws.amazon.com/awscloudtrail/latest/userguide/cloudtrail-create-and-update-a-trail-by-using-the-aws-cli-update-trail.html""]",4,74c819666c3836746974db05f3a3b4663062b3738b9f2750b013613b3a306dfc
Q044,"[""Q044:C""]","[""Q044:C""]",verified,"[""Q044:C""]",verified,"[""Q044:C""]",verified,False,,"Đúng; grant dành thao tác cryptographic, không tự hết hạn theo TTL.","[""https://docs.aws.amazon.com/kms/latest/developerguide/grants.html"", ""https://docs.aws.amazon.com/kms/latest/developerguide/concepts.html""]",4,74c819666c3836746974db05f3a3b4663062b3738b9f2750b013613b3a306dfc
Q045,"[""Q045:C""]","[""Q045:C""]",verified,,unresolved,,unresolved,True,,Sai nguyên văn IAM condition key và quá rộng: tag policy enforcement không áp dụng mọi tài nguyên; tài nguyên untagged không được tự buộc có tag.,"[""https://docs.aws.amazon.com/organizations/latest/userguide/orgs_manage_policies_tag-policies-enforcement.html"", ""https://docs.aws.amazon.com/organizations/latest/userguide/orgs_manage_policies_tag-policies-best-practices.html"", ""https://docs.aws.amazon.com/IAM/latest/UserGuide/reference_policies_condition-keys.html#condition-keys-requesttag""]",4,74c819666c3836746974db05f3a3b4663062b3738b9f2750b013613b3a306dfc
Q046,"[""Q046:A""]","[""Q046:A""]",verified,"[""Q046:A""]",verified,"[""Q046:A""]",verified,False,,"Đúng; HSM crypto users khác IAM users, RAM share subnet khác CloudHSM backup sharing.","[""https://docs.aws.amazon.com/vpc/latest/userguide/vpc-sharing.html"", ""https://docs.aws.amazon.com/cloudhsm/latest/userguide/configure-sg.html"", ""https://docs.aws.amazon.com/cloudhsm/latest/userguide/hsm-users.html"", ""https://docs.aws.amazon.com/cloudhsm/latest/userguide/sharing.html""]",4,74c819666c3836746974db05f3a3b4663062b3738b9f2750b013613b3a306dfc
Q047,"[""Q047:A""]","[""Q047:A""]",verified,,ambiguous,,ambiguous,True,,Current keywords tự thêm account/Region tương lai dù stem chỉ yêu cầu bucket tương lai; C cũng hợp lệ trong phạm vi hiện tại.,"[""https://docs.aws.amazon.com/config/latest/developerguide/aggregate-data.html"", ""https://docs.aws.amazon.com/config/latest/developerguide/aggregated-create.html""]",4,74c819666c3836746974db05f3a3b4663062b3738b9f2750b013613b3a306dfc
Q048,"[""Q048:A"", ""Q048:C"", ""Q048:F""]","[""Q048:A"", ""Q048:C"", ""Q048:F""]",verified,"[""Q048:A"", ""Q048:C"", ""Q048:F""]",ambiguous,"[""Q048:A"", ""Q048:C"", ""Q048:F""]",verified,False,,E không tuyệt đối sai nếu auditor dùng credentials/profiles riêng; loại E chỉ khi cùng source credentials đang dùng được ở accounts khác.,"[""https://docs.aws.amazon.com/STS/latest/APIReference/API_AssumeRole.html"", ""https://docs.aws.amazon.com/IAM/latest/UserGuide/id_roles_common-scenarios_third-party.html"", ""https://docs.aws.amazon.com/IAM/latest/UserGuide/id_roles_common-scenarios_aws-accounts.html""]",6,74c819666c3836746974db05f3a3b4663062b3738b9f2750b013613b3a306dfc
Q049,"[""Q049:B""]","[""Q049:B""]",verified,"[""Q049:B""]",verified,"[""Q049:B""]",verified,False,,"Đúng; thử FIS ở dev có giá trị nếu representative, nhưng phương án chưa thực hiện production mitigation.","[""https://docs.aws.amazon.com/wellarchitected/latest/userguide/identify-and-understand-risks.html""]",4,74c819666c3836746974db05f3a3b4663062b3738b9f2750b013613b3a306dfc
Q050,"[""Q050:A"", ""Q050:B""]","[""Q050:A"", ""Q050:B""]",verified,"[""Q050:A"", ""Q050:B""]",verified,"[""Q050:A"", ""Q050:B""]",verified,False,,"Đúng; DX không tự mã hóa IPsec, kết hợp VPN.","[""https://docs.aws.amazon.com/directconnect/latest/UserGuide/encryption-in-transit.html""]",5,74c819666c3836746974db05f3a3b4663062b3738b9f2750b013613b3a306dfc
Q051,"[""Q051:A""]","[""Q051:A""]",verified,"[""Q051:A""]",verified,"[""Q051:A""]",verified,False,,Đúng có điều kiện deny-by-default allowlist; không khẳng định Allow đơn lẻ cấm mọi PutObject hoặc tag/management-account scope.,"[""https://docs.aws.amazon.com/config/latest/developerguide/s3-default-encryption-kms.html"", ""https://docs.aws.amazon.com/AmazonS3/latest/userguide/UsingKMSEncryption.html"", ""https://docs.aws.amazon.com/organizations/latest/userguide/orgs_manage_policies_scps_evaluation.html""]",4,74c819666c3836746974db05f3a3b4663062b3738b9f2750b013613b3a306dfc
Q052,"[""Q052:C""]","[""Q052:C""]",verified,"[""Q052:C""]",verified,"[""Q052:C""]",verified,False,,Đúng event wiring; security group quarantine không chắc cắt connection đang tracking.,"[""https://docs.aws.amazon.com/guardduty/latest/ug/guardduty_findings_eventbridge.html"", ""https://docs.aws.amazon.com/guardduty/latest/ug/compromised-ec2.html"", ""https://docs.aws.amazon.com/AWSEC2/latest/UserGuide/security-group-connection-tracking.html""]",4,74c819666c3836746974db05f3a3b4663062b3738b9f2750b013613b3a306dfc
Q053,"[""Q053:A""]","[""Q053:A""]",verified,"[""Q053:A""]",verified,"[""Q053:A""]",verified,False,,Factual lỗi: hourly schedule không bảo đảm hard RPO và backup vault không mặc định bất biến; Vault Lock là optional.,"[""https://docs.aws.amazon.com/aws-backup/latest/devguide/plan-options-and-configuration.html"", ""https://docs.aws.amazon.com/aws-backup/latest/devguide/s3-backups.html"", ""https://docs.aws.amazon.com/aws-backup/latest/devguide/vault-lock.html""]",4,74c819666c3836746974db05f3a3b4663062b3738b9f2750b013613b3a306dfc
Q054,"[""Q054:A"", ""Q054:D"", ""Q054:F""]","[""Q054:A"", ""Q054:D"", ""Q054:F""]",verified,"[""Q054:A"", ""Q054:D"", ""Q054:F""]",ambiguous,,ambiguous,True,,"Current giải thích silently đổi F từ 'user assignments only in management account' thành 'users not groups'; cần flag sửa wording, recommendations không prerequisites.","[""https://docs.aws.amazon.com/singlesignon/latest/userguide/delegated-admin.html""]",6,74c819666c3836746974db05f3a3b4663062b3738b9f2750b013613b3a306dfc
Q055,"[""Q055:B"", ""Q055:C"", ""Q055:E""]","[""Q055:B"", ""Q055:C"", ""Q055:E""]",verified,"[""Q055:B"", ""Q055:C"", ""Q055:E""]",verified,"[""Q055:B"", ""Q055:C"", ""Q055:E""]",verified,False,,Đúng; thứ tự AWS là metadata -> protections/tags -> disk -> memory -> isolate; E gom metadata/tag nên không coi lựa chọn là thứ tự toàn bộ.,"[""https://docs.aws.amazon.com/ja_jp/whitepapers/latest/aws-security-incident-response-guide/collect-relevant-artifacts.html""]",6,74c819666c3836746974db05f3a3b4663062b3738b9f2750b013613b3a306dfc
Q056,"[""Q056:C""]","[""Q056:A""]",verified,,unresolved,,ambiguous,True,,Current suy ra tracked session chuyển ngay sang untracked khi thêm allow-all; EC2 docs chỉ chắc cho originally untracked connections; runbook cho thêm evidence pattern nhưng không proof tương đương đổi rules SG.,"[""https://docs.aws.amazon.com/AWSEC2/latest/UserGuide/security-group-connection-tracking.html"", ""https://docs.aws.amazon.com/guardduty/latest/ug/compromised-ec2.html"", ""https://docs.aws.amazon.com/systems-manager-automation-runbooks/latest/userguide/automation-awssupport-containec2instance.html""]",4,74c819666c3836746974db05f3a3b4663062b3738b9f2750b013613b3a306dfc
Q057,"[""Q057:A""]","[""Q057:A""]",verified,"[""Q057:A""]",verified,"[""Q057:A""]",verified,False,,Đúng name/path bắt buộc; same permissions khuyến nghị.,"[""https://docs.aws.amazon.com/singlesignon/latest/userguide/permissionsetcustom.html""]",4,74c819666c3836746974db05f3a3b4663062b3738b9f2750b013613b3a306dfc
Q058,"[""Q058:D""]","[""Q058:D""]",verified,"[""Q058:D""]",verified,"[""Q058:D""]",verified,False,,D là possible cause chứ không chắc chắn nếu tồn tại direct grant/key-policy Allow.,"[""https://docs.aws.amazon.com/kms/latest/developerguide/key-policy-default.html"", ""https://docs.aws.amazon.com/AmazonS3/latest/userguide/UsingKMSEncryption.html""]",4,74c819666c3836746974db05f3a3b4663062b3738b9f2750b013613b3a306dfc
Q059,"[""Q059:A""]","[""Q059:A""]",verified,"[""Q059:A""]",verified,"[""Q059:A""]",verified,False,,Đúng; key local Region của replica; AWS tự tạo managed key.,"[""https://docs.aws.amazon.com/secretsmanager/latest/userguide/replicate-secrets.html""]",4,74c819666c3836746974db05f3a3b4663062b3738b9f2750b013613b3a306dfc
Q060,"[""Q060:A""]","[""Q060:A""]",verified,"[""Q060:A""]",verified,"[""Q060:A""]",verified,False,,Đúng; Detective IAM investigation/report.,"[""https://docs.aws.amazon.com/detective/latest/userguide/investigations-about.html""]",4,74c819666c3836746974db05f3a3b4663062b3738b9f2750b013613b3a306dfc
Q061,"[""Q061:A"", ""Q061:D""]","[""Q061:A"", ""Q061:D""]",verified,"[""Q061:A"", ""Q061:D""]",verified,"[""Q061:A"", ""Q061:D""]",verified,False,,Current why_correct hứa không finding cho mọi IP: phải giới hạn public IPv4 và ngoại lệ DNS/Runtime finding.,"[""https://docs.aws.amazon.com/guardduty/latest/ug/guardduty_upload-lists.html""]",5,74c819666c3836746974db05f3a3b4663062b3738b9f2750b013613b3a306dfc
Q062,"[""Q062:B"", ""Q062:E""]","[""Q062:B"", ""Q062:E""]",verified,,unresolved,,unresolved,True,,E hỏi last console login; credential report last-use không xác định attacker/all API activity; B/E không đáp ứng và CloudTrail thiếu.,"[""https://docs.aws.amazon.com/IAM/latest/UserGuide/what-is-access-analyzer.html"", ""https://docs.aws.amazon.com/IAM/latest/UserGuide/id_credentials_getting-report.html"", ""https://docs.aws.amazon.com/IAM/latest/UserGuide/securing_access-keys.html""]",5,74c819666c3836746974db05f3a3b4663062b3738b9f2750b013613b3a306dfc
Q063,"[""Q063:C""]","[""Q063:C""]",verified,"[""Q063:C""]",ambiguous,"[""Q063:C""]",verified,False,,Instance profile đã temporary; 1-hour expiry là maximum deadline không nhất thiết minimum availability guarantee; C mới role session hữu ích nhưng không identity-bind từng client.,"[""https://docs.aws.amazon.com/AmazonS3/latest/userguide/using-presigned-url.html"", ""https://docs.aws.amazon.com/STS/latest/APIReference/API_AssumeRole.html"", ""https://docs.aws.amazon.com/AmazonS3/latest/userguide/tagging-and-policies.html""]",4,74c819666c3836746974db05f3a3b4663062b3738b9f2750b013613b3a306dfc
Q064,"[""Q064:D""]","[""Q064:D""]",verified,"[""Q064:D""]",verified,"[""Q064:D""]",verified,False,,Đúng; Firewall Manager hiện không enabled CloudWatch metrics/alarms.,"[""https://docs.aws.amazon.com/waf/latest/developerguide/shield-metrics.html"", ""https://docs.aws.amazon.com/waf/latest/developerguide/monitoring-cloudwatch.html""]",4,74c819666c3836746974db05f3a3b4663062b3738b9f2750b013613b3a306dfc
Q065,"[""Q065:C""]","[""Q065:C""]",verified,"[""Q065:C""]",verified,"[""Q065:C""]",verified,False,,Current 'tự launch' mặc định khi sự cố sai mức tự động: DRS hỗ trợ launch; trigger/automation cần cấu hình.,"[""https://docs.aws.amazon.com/drs/latest/userguide/what-is-drs.html""]",4,74c819666c3836746974db05f3a3b4663062b3738b9f2750b013613b3a306dfc
Q066,"[""Q066:A"", ""Q066:B""]","[""Q066:A"", ""Q066:B""]",verified,"[""Q066:A"", ""Q066:B""]",verified,"[""Q066:A"", ""Q066:B""]",verified,False,,"Đúng; WAF xử lý geo, Lambda business validation.","[""https://docs.aws.amazon.com/cognito/latest/developerguide/user-pool-waf.html"", ""https://docs.aws.amazon.com/cognito/latest/developerguide/user-pool-lambda-pre-sign-up.html""]",5,74c819666c3836746974db05f3a3b4663062b3738b9f2750b013613b3a306dfc
Q067,"[""Q067:A""]","[""Q067:A""]",verified,"[""Q067:A""]",verified,"[""Q067:A""]",verified,False,,Đúng; đừng mở rộng tip sang mọi managed app hoặc khẳng định Cognito chỉ customer identities tuyệt đối.,"[""https://docs.aws.amazon.com/amazonq/latest/qdeveloper-ug/getting-started-idc.html""]",4,74c819666c3836746974db05f3a3b4663062b3738b9f2750b013613b3a306dfc
Q068,"[""Q068:B"", ""Q068:E""]","[""Q068:B"", ""Q068:E""]",verified,"[""Q068:B"", ""Q068:E""]",verified,"[""Q068:B"", ""Q068:E""]",verified,False,,"Đúng; Shield response plus WAF layer7, SG không có deny rules.","[""https://docs.aws.amazon.com/waf/latest/developerguide/ddos-responding.html""]",5,74c819666c3836746974db05f3a3b4663062b3738b9f2750b013613b3a306dfc
Q069,"[""Q069:D""]","[""Q069:D""]",verified,"[""Q069:D""]",verified,"[""Q069:D""]",verified,False,,Đúng; endpoint source VPC cùng Region và endpoint policy cho bucket accountB.,"[""https://docs.aws.amazon.com/vpc/latest/privatelink/vpc-endpoints-s3.html""]",4,74c819666c3836746974db05f3a3b4663062b3738b9f2750b013613b3a306dfc
Q070,"[""Q070:A""]","[""Q070:A""]",verified,"[""Q070:A""]",ambiguous,,ambiguous,True,,Current tự ghi runbook Creates new trail nhưng vẫn verified bật lại existing; cần kiểm chứng API/scope và periodic detector.,"[""https://docs.aws.amazon.com/systems-manager-automation-runbooks/latest/userguide/automation-aws-enablecloudtrail.html"", ""https://docs.aws.amazon.com/config/latest/developerguide/cloudtrail-enabled.html""]",4,74c819666c3836746974db05f3a3b4663062b3738b9f2750b013613b3a306dfc
Q071,"[""Q071:B""]","[""Q071:B""]",verified,"[""Q071:B""]",verified,"[""Q071:B""]",verified,False,,Đúng; certificate identity khác network và certificate issuance.,"[""https://docs.aws.amazon.com/rolesanywhere/latest/userguide/introduction.html""]",4,74c819666c3836746974db05f3a3b4663062b3738b9f2750b013613b3a306dfc
Q072,"[""Q072:B""]","[""Q072:B""]",verified,"[""Q072:B""]",verified,"[""Q072:B""]",verified,False,,"Đúng; permission set role session1h khác portal session, CLI refresh vẫn có thể xảy ra.","[""https://docs.aws.amazon.com/singlesignon/latest/userguide/manage-your-identity-source-idp.html"", ""https://docs.aws.amazon.com/singlesignon/latest/userguide/howtosessionduration.html""]",4,74c819666c3836746974db05f3a3b4663062b3738b9f2750b013613b3a306dfc
Q073,"[""Q073:S1"", ""Q073:S3"", ""Q073:S4""]","[""Q073:S1"", ""Q073:S3"", ""Q073:S4""]",verified,"[""Create a custom action that uses the Lambda function in Security Hub."", ""Define a rule in Amazon EventBridge."", ""Select the custom action in Security Hub for EC2 host findings.""]",verified,"[""Q073:S1"", ""Q073:S3"", ""Q073:S4""]",verified,False,,Custom action ARN đi vào EventBridge; Lambda là rule target; cross-account Lambda cần assume role.,"[""https://docs.aws.amazon.com/securityhub/latest/userguide/securityhub-cwe-custom-actions.html"", ""https://docs.aws.amazon.com/securityhub/latest/userguide/securityhub-cwe-define-rule.html""]",5,eb3c5679d7425cbee0efc50e88ff828f8e50a4ea7752e87faa133c31268069e0
Q074,"[""Q074:C""]","[""Q074:C""]",verified,"[""C""]",verified,"[""Q074:C""]",verified,False,,"Key và status khớp; thay văn bản bằng giải thích ngắn, giữ nghĩa.","[""https://docs.aws.amazon.com/athena/latest/ug/create-waf-table-partition-projection.html""]",4,eb3c5679d7425cbee0efc50e88ff828f8e50a4ea7752e87faa133c31268069e0
Q075,"[""Q075:A""]","[""Q075:A""]",verified,"[""A""]",verified,"[""Q075:A""]",verified,False,,"Giữ A theo mục tiêu kiến trúc; blog AWS2018 hỗ trợ publication event trong năm phút, nhưng không nói SNS email có contractual/end-to-end SLA.","[""https://docs.aws.amazon.com/guardduty/latest/ug/guardduty_findings_eventbridge.html"", ""https://aws.amazon.com/blogs/security/visualizing-amazon-guardduty-findings/"", ""https://docs.aws.amazon.com/sns/latest/dg/sns-message-delivery-retries.html""]",4,eb3c5679d7425cbee0efc50e88ff828f8e50a4ea7752e87faa133c31268069e0
Q076,"[""Q076:D""]","[""Q076:D""]",verified,"[""D""]",verified,"[""Q076:D""]",verified,False,,Bỏ 'chặn ngay': rate-based rule và Shield có detection/mitigation latency; tính năng legacy bị thay từ 26/03/2026.,"[""https://docs.aws.amazon.com/waf/latest/developerguide/ddos-automatic-app-layer-response.html""]",4,eb3c5679d7425cbee0efc50e88ff828f8e50a4ea7752e87faa133c31268069e0
Q077,"[""Q077:C""]","[""Q077:B""]",ambiguous,,ambiguous,,ambiguous,True,,Giữ ambiguous và bỏ key duy nhất: preventive không đáp ứng; B là intended remediation.,"[""https://aws.amazon.com/blogs/security/can-i-do-that-with-policy-understanding-the-aws-service-authorization-reference/""]",4,eb3c5679d7425cbee0efc50e88ff828f8e50a4ea7752e87faa133c31268069e0
Q078,"[""Q078:A""]","[""Q078:A""]",verified,"[""A""]",verified,"[""Q078:A""]",verified,False,,"Key và status khớp; thay văn bản bằng giải thích ngắn, giữ nghĩa.","[""https://docs.aws.amazon.com/waf/latest/developerguide/waf-rule-statement-type-rate-based-request-limiting.html"", ""https://docs.aws.amazon.com/vpc/latest/userguide/security-group-rules.html""]",4,eb3c5679d7425cbee0efc50e88ff828f8e50a4ea7752e87faa133c31268069e0
Q079,"{""Q079:P1"": ""Q079:R2"", ""Q079:P2"": ""Q079:R6"", ""Q079:P3"": ""Q079:R1""}","{""Q079:P1"": ""Q079:R2"", ""Q079:P2"": ""Q079:R6"", ""Q079:P3"": ""Q079:R1""}",verified,"{""row1"": ""AWS Audit Manager controls"", ""row2"": ""AWS Identity and Access Management Access Analyzer internal access analyzers"", ""row3"": ""AWS Artifact reports""}",verified,"{""Q079:P1"": ""Q079:R2"", ""Q079:P2"": ""Q079:R6"", ""Q079:P3"": ""Q079:R1""}",verified,False,,Maintenance mode từ 30/04/2026 đã được review nêu; phải giữ caveat account/Region mới.,"[""https://docs.aws.amazon.com/audit-manager/latest/userguide/how-evidence-is-collected.html"", ""https://docs.aws.amazon.com/IAM/latest/UserGuide/what-is-access-analyzer.html"", ""https://docs.aws.amazon.com/artifact/latest/ug/downloading-documents.html"", ""https://docs.aws.amazon.com/audit-manager/latest/userguide/audit-manager-availability-change.html""]",9,eb3c5679d7425cbee0efc50e88ff828f8e50a4ea7752e87faa133c31268069e0
Q080,"[""Q080:A""]","[""Q080:A""]",verified,"[""A""]",verified,"[""Q080:A""]",verified,False,,"Key và status khớp; thay văn bản bằng giải thích ngắn, giữ nghĩa.","[""https://docs.aws.amazon.com/AWSCloudFormation/latest/UserGuide/determine-root-cause-for-stack-failures.html""]",4,eb3c5679d7425cbee0efc50e88ff828f8e50a4ea7752e87faa133c31268069e0
Q081,"{""Q081:P1"": ""Q081:R2"", ""Q081:P2"": ""Q081:R1"", ""Q081:P3"": ""Q081:R4"", ""Q081:P4"": ""Q081:R3"", ""Q081:P5"": ""Q081:R5""}","{""Q081:P1"": ""Q081:R2"", ""Q081:P2"": ""Q081:R1"", ""Q081:P3"": ""Q081:R4"", ""Q081:P4"": ""Q081:R3"", ""Q081:P5"": ""Q081:R5""}",verified,"{""row1"": ""AWS Config conformance packs"", ""row2"": ""AWS Config aggregator"", ""row3"": ""AWS Config rules"", ""row4"": ""AWS Config with AWS Systems Manager"", ""row5"": ""AWS Config with AWS User Notifications""}",verified,"{""Q081:P1"": ""Q081:R2"", ""Q081:P2"": ""Q081:R1"", ""Q081:P3"": ""Q081:R4"", ""Q081:P4"": ""Q081:R3"", ""Q081:P5"": ""Q081:R5""}",verified,False,,"User Notifications cần cấu hình event filter/channel, Config remediation cần role quyền phù hợp.","[""https://docs.aws.amazon.com/config/latest/developerguide/config-concepts.html"", ""https://docs.aws.amazon.com/config/latest/developerguide/remediation.html"", ""https://docs.aws.amazon.com/notifications/latest/userguide/what-is-service.html""]",10,eb3c5679d7425cbee0efc50e88ff828f8e50a4ea7752e87faa133c31268069e0
Q082,"{""Q082:P1"": ""Q082:R3"", ""Q082:P2"": ""Q082:R2"", ""Q082:P3"": ""Q082:R4"", ""Q082:P4"": ""Q082:R5"", ""Q082:P5"": ""Q082:R1""}","{""Q082:P1"": ""Q082:R3"", ""Q082:P2"": ""Q082:R2"", ""Q082:P3"": ""Q082:R4"", ""Q082:P4"": ""Q082:R5"", ""Q082:P5"": ""Q082:R1""}",verified,"{""row1"": ""Deploy software programmatically."", ""row2"": ""Reduce manual management and interactive access."", ""row3"": ""Control traffic flow within your network layers."", ""row4"": ""Protecting data in transit."", ""row5"": ""Configure service and application logging""}",ambiguous,"{""Q082:P1"": ""Q082:R3"", ""Q082:P2"": ""Q082:R2"", ""Q082:P3"": ""Q082:R4"", ""Q082:P4"": ""Q082:R5"", ""Q082:P5"": ""Q082:R1""}",verified,False,,"Bằng chứng bổ sung xác nhận logging practice có alerting, nên giải quyết nghi ngờ blind và giữ mapping; thuật ngữ options là best practices.","[""https://docs.aws.amazon.com/wellarchitected/latest/framework/sec_appsec_deploy_software_programmatically.html"", ""https://docs.aws.amazon.com/wellarchitected/latest/framework/sec_protect_compute_reduce_manual_management.html"", ""https://docs.aws.amazon.com/wellarchitected/latest/framework/sec_detect_investigate_events_app_service_logging.html"", ""https://docs.aws.amazon.com/vpc/latest/userguide/security-group-rules.html"", ""https://docs.aws.amazon.com/wellarchitected/latest/security-pillar/sec_detect_investigate_events_app_service_logging.html""]",10,eb3c5679d7425cbee0efc50e88ff828f8e50a4ea7752e87faa133c31268069e0
Q083,"[""Q083:B""]","[""Q083:B""]",verified,"[""B""]",verified,"[""Q083:B""]",verified,False,,S3 object access cần data events; khoảng 5 phút không SLA; server access log tới S3 không tương đương CloudWatch delivery mới.,"[""https://docs.aws.amazon.com/AmazonS3/latest/userguide/logging-with-S3.html""]",4,eb3c5679d7425cbee0efc50e88ff828f8e50a4ea7752e87faa133c31268069e0
Q084,"[""Q084:A""]","[""Q084:A""]",verified,,unresolved,,unresolved,True,,"Không được bỏ hai bước selector sai rồi gọi toàn option verified; eventName trên event data store không tương đương trail, resources.ARN chỉ data events.","[""https://docs.aws.amazon.com/awscloudtrail/latest/APIReference/API_AdvancedEventSelector.html"", ""https://docs.aws.amazon.com/kms/latest/developerguide/logging-using-cloudtrail.html"", ""https://docs.aws.amazon.com/AmazonS3/latest/userguide/object-lock.html""]",4,eb3c5679d7425cbee0efc50e88ff828f8e50a4ea7752e87faa133c31268069e0
Q085,"[""Q085:A""]","[""Q085:A""]",verified,"[""A""]",verified,"[""Q085:A""]",verified,False,,"Key và status khớp; thay văn bản bằng giải thích ngắn, giữ nghĩa.","[""https://docs.aws.amazon.com/opensearch-service/latest/developerguide/security-analytics.html"", ""https://docs.aws.amazon.com/opensearch-service/latest/developerguide/alerting.html""]",4,eb3c5679d7425cbee0efc50e88ff828f8e50a4ea7752e87faa133c31268069e0
Q086,"[""Q086:D""]","[""Q086:D""]",verified,"[""D""]",verified,"[""Q086:D""]",verified,False,,Root account principal bật delegation; không nói root user cũng cần identity policy.,"[""https://docs.aws.amazon.com/kms/latest/developerguide/key-policy-default.html""]",4,eb3c5679d7425cbee0efc50e88ff828f8e50a4ea7752e87faa133c31268069e0
Q087,"[""Q087:B"", ""Q087:E""]","[""Q087:B"", ""Q087:E""]",ambiguous,,ambiguous,,ambiguous,True,,"BE và CE đều hợp lệ, Config delegated admin không tự là StackSets delegated admin; không ép chọn BE.","[""https://docs.aws.amazon.com/config/latest/APIReference/API_PutOrganizationConformancePack.html"", ""https://docs.aws.amazon.com/config/latest/developerguide/conformance-pack-organization-apis.html"", ""https://docs.aws.amazon.com/AWSCloudFormation/latest/UserGuide/stacksets-orgs-delegated-admin.html""]",5,eb3c5679d7425cbee0efc50e88ff828f8e50a4ea7752e87faa133c31268069e0
Q088,"[""Q088:B""]","[""Q088:B""]",verified,"[""B""]",verified,"[""Q088:B""]",verified,False,,"Key và status khớp; thay văn bản bằng giải thích ngắn, giữ nghĩa.","[""https://docs.aws.amazon.com/IAM/latest/UserGuide/reference_policies_condition-keys.html""]",4,eb3c5679d7425cbee0efc50e88ff828f8e50a4ea7752e87faa133c31268069e0
Q089,"[""Q089:B""]","[""Q089:B""]",verified,"[""B""]",verified,"[""Q089:B""]",verified,False,,"Boundary phải được bắt buộc khi CreateRole, ngăn detach/edit và kiểm soát PassRole.","[""https://aws.amazon.com/blogs/security/when-and-where-to-use-iam-permissions-boundaries/""]",4,eb3c5679d7425cbee0efc50e88ff828f8e50a4ea7752e87faa133c31268069e0
Q090,"[""Q090:A""]","[""Q090:A""]",verified,"[""A""]",verified,"[""Q090:A""]",verified,False,,"Option A phải được triển khai với org portfolio sharing/end-user access, không chỉ product/portfolio.","[""https://docs.aws.amazon.com/servicecatalog/latest/adminguide/catalogs_portfolios_sharing_how-to-share.html"", ""https://docs.aws.amazon.com/ram/latest/userguide/shareable.html""]",4,eb3c5679d7425cbee0efc50e88ff828f8e50a4ea7752e87faa133c31268069e0
Q091,"[""Q091:C""]","[""Q091:C""]",verified,"[""C""]",verified,"[""Q091:C""]",verified,False,,Chỉ material gắn dữ liệu cũ mới khôi phục decrypt; không suy rộng thành KMS imported material không hỗ trợ rotation hiện nay.,"[""https://docs.aws.amazon.com/kms/latest/developerguide/importing-keys-import-key-material.html""]",4,eb3c5679d7425cbee0efc50e88ff828f8e50a4ea7752e87faa133c31268069e0
Q092,"[""Q092:B"", ""Q092:D""]","[""Q092:B"", ""Q092:D""]",verified,"[""B"", ""D""]",verified,"[""Q092:B"", ""Q092:D""]",verified,False,,BoolIfExists bao phủ missing MFA key; option E còn lỗi JSON thiếu colon.,"[""https://docs.aws.amazon.com/IAM/latest/UserGuide/reference_policies_condition-keys.html""]",5,eb3c5679d7425cbee0efc50e88ff828f8e50a4ea7752e87faa133c31268069e0
Q093,"[""Q093:C""]","[""Q093:C""]",verified,"[""C""]",verified,"[""Q093:C""]",verified,False,,"Key và status khớp; thay văn bản bằng giải thích ngắn, giữ nghĩa.","[""https://docs.aws.amazon.com/singlesignon/latest/userguide/assignusers.html""]",4,eb3c5679d7425cbee0efc50e88ff828f8e50a4ea7752e87faa133c31268069e0
Q094,"[""Q094:B""]","[""Q094:B""]",verified,,ambiguous,,ambiguous,True,,"Managed policy hiện hành ghi không gỡ, làm theo Support case; review paraphrase 'giữ tới remediation rồi gỡ' không được nguồn hỗ trợ.","[""https://docs.aws.amazon.com/IAM/latest/UserGuide/securing_access-keys.html"", ""https://docs.aws.amazon.com/aws-managed-policy/latest/reference/AWSCompromisedKeyQuarantineV3.html""]",4,eb3c5679d7425cbee0efc50e88ff828f8e50a4ea7752e87faa133c31268069e0
Q095,"[""Q095:C""]","[""Q095:C""]",verified,"[""C""]",ambiguous,,ambiguous,True,,Option C dùng một policy scope all Regions không khả thi cho ALBs; caveat không cứu whole-option verified.,"[""https://docs.aws.amazon.com/waf/latest/developerguide/waf-policies-rule-groups.html"", ""https://docs.aws.amazon.com/waf/latest/developerguide/create-policy.html""]",4,eb3c5679d7425cbee0efc50e88ff828f8e50a4ea7752e87faa133c31268069e0
Q096,"[""Q096:C""]","[""Q096:C""]",verified,"[""C""]",verified,"[""Q096:C""]",verified,False,,"Key và status khớp; thay văn bản bằng giải thích ngắn, giữ nghĩa.","[""https://docs.aws.amazon.com/prescriptive-guidance/latest/patterns/monitor-and-remediate-scheduled-deletion-of-aws-kms-keys.html""]",4,eb3c5679d7425cbee0efc50e88ff828f8e50a4ea7752e87faa133c31268069e0
Q097,"[""Q097:C""]","[""Q097:C""]",verified,"[""C""]",verified,"[""Q097:C""]",verified,False,,"Key và status khớp; thay văn bản bằng giải thích ngắn, giữ nghĩa.","[""https://docs.aws.amazon.com/vpc/latest/userguide/route-table-options.html""]",4,eb3c5679d7425cbee0efc50e88ff828f8e50a4ea7752e87faa133c31268069e0
Q098,"[""Q098:D""]","[""Q098:D""]",verified,"[""D""]",verified,"[""Q098:D""]",verified,False,,"Key và status khớp; thay văn bản bằng giải thích ngắn, giữ nghĩa.","[""https://docs.aws.amazon.com/kms/latest/developerguide/using-grant-token.html""]",4,eb3c5679d7425cbee0efc50e88ff828f8e50a4ea7752e87faa133c31268069e0
Q099,"[""Q099:C""]","[""Q099:C""]",verified,"[""C""]",verified,"[""Q099:C""]",verified,False,,Versioned bucket cần NoncurrentVersionExpiration nếu xóa hoàn toàn sau hai năm; current expiration chỉ tạo delete marker.,"[""https://docs.aws.amazon.com/AmazonS3/latest/userguide/object-lifecycle-mgmt.html"", ""https://docs.aws.amazon.com/AmazonS3/latest/userguide/glacier-storage-classes.html""]",4,eb3c5679d7425cbee0efc50e88ff828f8e50a4ea7752e87faa133c31268069e0
Q100,"[""Q100:D""]","[""Q100:D""]",verified,"[""D""]",verified,"[""Q100:D""]",verified,False,,"SCP không áp cho management account, external principals hay service-linked roles; định nghĩa any bucket phải có scope.","[""https://docs.aws.amazon.com/organizations/latest/userguide/orgs_manage_policies_scps.html""]",4,eb3c5679d7425cbee0efc50e88ff828f8e50a4ea7752e87faa133c31268069e0
Q101,"[""Q101:A""]","[""Q101:A""]",verified,"[""A""]",verified,"[""Q101:A""]",verified,False,,Current tag policy có required-tag reporting/IaC behavior; không nói mọi tag policy không bao giờ required tags; SCP presence vẫn phù hợp.,"[""https://docs.aws.amazon.com/organizations/latest/userguide/orgs_manage_policies_example-tag-policies.html"", ""https://docs.aws.amazon.com/organizations/latest/userguide/orgs_manage_policies_scps.html""]",4,eb3c5679d7425cbee0efc50e88ff828f8e50a4ea7752e87faa133c31268069e0
Q102,"[""Q102:A"", ""Q102:C""]","[""Q102:A"", ""Q102:C""]",verified,"[""A"", ""C""]",verified,"[""Q102:A"", ""Q102:C""]",verified,False,,OAC không là Principal trong S3 policy: CloudFront service principal + distribution SourceArn.,"[""https://docs.aws.amazon.com/AmazonCloudFront/latest/DeveloperGuide/georestrictions.html"", ""https://docs.aws.amazon.com/AmazonCloudFront/latest/DeveloperGuide/private-content-restricting-access-to-s3.html""]",5,eb3c5679d7425cbee0efc50e88ff828f8e50a4ea7752e87faa133c31268069e0
Q103,"[""Q103:C""]","[""Q103:C""]",verified,"[""C""]",verified,"[""Q103:C""]",verified,False,,"Key và status khớp; thay văn bản bằng giải thích ngắn, giữ nghĩa.","[""https://docs.aws.amazon.com/wellarchitected/latest/userguide/tutorial.html""]",4,eb3c5679d7425cbee0efc50e88ff828f8e50a4ea7752e87faa133c31268069e0
Q104,"[""Q104:C""]","[""Q104:C""]",verified,"[""C""]",verified,"[""Q104:C""]",verified,False,,"D không sai vì environment variables là static/không mã hóa; encrypted environment có thể runtime decrypt, so sánh chi phí phụ thuộc key/request assumptions.","[""https://docs.aws.amazon.com/systems-manager/latest/userguide/systems-manager-parameter-store.html"", ""https://docs.aws.amazon.com/lambda/latest/dg/configuration-envvars-encryption.html""]",4,eb3c5679d7425cbee0efc50e88ff828f8e50a4ea7752e87faa133c31268069e0
Q105,"[""Q105:C""]","[""Q105:C""]",verified,"[""C""]",verified,"[""Q105:C""]",verified,False,,"Key và status khớp; thay văn bản bằng giải thích ngắn, giữ nghĩa.","[""https://docs.aws.amazon.com/singlesignon/latest/userguide/manage-your-identity-source-idp.html""]",4,eb3c5679d7425cbee0efc50e88ff828f8e50a4ea7752e87faa133c31268069e0
Q106,"[""Q106:C""]","[""Q106:C""]",verified,"[""C""]",verified,"[""Q106:C""]",verified,False,,"Key và status khớp; thay văn bản bằng giải thích ngắn, giữ nghĩa.","[""https://docs.aws.amazon.com/vpc/latest/userguide/route-table-options.html""]",4,eb3c5679d7425cbee0efc50e88ff828f8e50a4ea7752e87faa133c31268069e0
Q107,"[""Q107:B""]","[""Q107:A""]",verified,,ambiguous,,ambiguous,True,,"Broad managed share chỉ là trần; identity policies phía nhận có thể loại reads và principals, nên A/B đều viable.","[""https://docs.aws.amazon.com/ram/latest/userguide/getting-started-terms-and-concepts.html"", ""https://docs.aws.amazon.com/ram/latest/userguide/managed-permission-considerations.html"", ""https://docs.aws.amazon.com/vpc/latest/ipam/share-pool-ipam.html"", ""https://docs.aws.amazon.com/ram/latest/userguide/shareable.html"", ""https://aws.amazon.com/blogs/security/configure-fine-grained-access-to-your-resources-shared-using-aws-resource-access-manager/"", ""https://docs.aws.amazon.com/service-authorization/latest/reference/list_ec2.html""]",4,eb3c5679d7425cbee0efc50e88ff828f8e50a4ea7752e87faa133c31268069e0
Q108,"[""Q108:A""]","[""Q108:A""]",verified,"[""A""]",verified,"[""Q108:A""]",verified,False,,"Key và status khớp; thay văn bản bằng giải thích ngắn, giữ nghĩa.","[""https://docs.aws.amazon.com/STS/latest/APIReference/API_AssumeRole.html""]",4,eb3c5679d7425cbee0efc50e88ff828f8e50a4ea7752e87faa133c31268069e0
Q109,"[""Q109:A""]","[""Q109:A""]",verified,"[""A""]",verified,"[""Q109:A""]",verified,False,,"A giới hạn web chỉ nhận từ ALB, DB chỉ nhận từ web/bastion và SSH chỉ từ IP công ty.","[""https://docs.aws.amazon.com/vpc/latest/userguide/security-group-rules.html""]",4,a7ea08fd81b71ecd54a858dc6008b43bc9b65dfd7aac644db303d7a0e5e1d449
Q110,"[""Q110:A""]","[""Q110:A""]",verified,"[""A""]",verified,"[""Q110:A""]",verified,False,,Roles Anywhere dùng chứng chỉ X.509 và trust anchor để cấp credentials tạm thời cho workload ngoài AWS.,"[""https://docs.aws.amazon.com/rolesanywhere/latest/userguide/getting-started.html"", ""https://docs.aws.amazon.com/IAM/latest/UserGuide/id_roles.html""]",4,a7ea08fd81b71ecd54a858dc6008b43bc9b65dfd7aac644db303d7a0e5e1d449
Q111,"[""Q111:C"", ""Q111:D""]","[""Q111:C"", ""Q111:D""]",verified,"[""C"", ""D""]",verified,"[""Q111:C"", ""Q111:D""]",verified,False,,SCP deny vẫn thắng IAM allow; bỏ quyền cho account sử dụng IAM policies trong key policy cũng khiến IAM allow mất hiệu lực.,"[""https://docs.aws.amazon.com/organizations/latest/userguide/orgs_manage_policies_scps.html"", ""https://docs.aws.amazon.com/kms/latest/developerguide/key-policy-default.html"", ""https://docs.aws.amazon.com/kms/latest/developerguide/rotate-keys.html""]",5,a7ea08fd81b71ecd54a858dc6008b43bc9b65dfd7aac644db303d7a0e5e1d449
Q112,"[""Q112:B""]","[""Q112:B""]",verified,"[""B""]",verified,,ambiguous,True,,"Sau lượt độc lập, rà lại toàn bộ mệnh đề C: C dùng cùng KMS + scanning hợp lệ như B. Không thể loại C chỉ vì Inventory không phải CVE report; tiêu chí ít vận hành không có trong stem.","[""https://docs.aws.amazon.com/AmazonECR/latest/userguide/encryption-at-rest.html"", ""https://docs.aws.amazon.com/AmazonECR/latest/userguide/image-scanning.html""]",4,a7ea08fd81b71ecd54a858dc6008b43bc9b65dfd7aac644db303d7a0e5e1d449
Q113,"[""Q113:A""]","[""Q113:A""]",verified,"[""A""]",verified,"[""Q113:A""]",verified,False,,"A cần HTTPS target group; chỉ cài certificate chưa tự bật TLS. ALB không validate chứng chỉ target, nên self-signed có thể dùng cho hop này.","[""https://docs.aws.amazon.com/elasticloadbalancing/latest/application/load-balancer-target-groups.html"", ""https://docs.aws.amazon.com/AmazonRDS/latest/UserGuide/UsingWithRDS.SSL.html""]",4,a7ea08fd81b71ecd54a858dc6008b43bc9b65dfd7aac644db303d7a0e5e1d449
Q114,"[""Q114:C""]","[""Q114:C""]",verified,"[""C""]",verified,"[""Q114:C""]",verified,False,,"Process details phụ thuộc finding/data source; nếu finding không có process, lấy telemetry host bổ sung, không khẳng định mọi GuardDuty finding đều có.","[""https://docs.aws.amazon.com/guardduty/latest/ug/guardduty_finding-types-ec2.html""]",4,a7ea08fd81b71ecd54a858dc6008b43bc9b65dfd7aac644db303d7a0e5e1d449
Q115,"[""Q115:C""]","[""Q115:C""]",verified,"[""C""]",verified,"[""Q115:C""]",verified,False,,Organization trail áp dụng cho management/member accounts và tự bắt đầu logging cho account mới gia nhập.,"[""https://docs.aws.amazon.com/awscloudtrail/latest/userguide/creating-trail-organization.html""]",4,a7ea08fd81b71ecd54a858dc6008b43bc9b65dfd7aac644db303d7a0e5e1d449
Q116,"[""Q116:C""]","[""Q116:C""]",verified,"[""C""]",verified,"[""Q116:C""]",verified,False,,"Không khẳng định chỉ kms:Encrypt/kms:Decrypt luôn đủ. EBS còn cần CreateGrant, DescribeKey, GenerateDataKeyWithoutPlaintext, ReEncrypt theo ngữ cảnh; đề không nêu quyền sẵn có.","[""https://docs.aws.amazon.com/ebs/latest/userguide/ebs-encryption-requirements.html""]",4,a7ea08fd81b71ecd54a858dc6008b43bc9b65dfd7aac644db303d7a0e5e1d449
Q117,"[""Q117:B"", ""Q117:C"", ""Q117:E""]","[""Q117:B"", ""Q117:C"", ""Q117:E""]",verified,"[""B"", ""C"", ""E""]",verified,"[""Q117:B"", ""Q117:C"", ""Q117:E""]",verified,False,,Managed rule này kiểm tra DB instances; nếu hiểu all RDS resources gồm public snapshots thì cần thêm rules. Không quảng cáo một rule phủ mọi loại tài nguyên RDS.,"[""https://docs.aws.amazon.com/config/latest/developerguide/rds-instance-public-access-check.html"", ""https://docs.aws.amazon.com/config/latest/developerguide/monitor-config-with-cloudwatchevents.html""]",6,a7ea08fd81b71ecd54a858dc6008b43bc9b65dfd7aac644db303d7a0e5e1d449
Q118,"[""Q118:D""]",,ambiguous,,ambiguous,,ambiguous,False,,Không khẳng định ngày ra mắt nếu chưa đối chứng release note; tính năng hiện hành được xác nhận trực tiếp bằng ALB docs.,"[""https://docs.aws.amazon.com/elasticloadbalancing/latest/application/load-balancer-cloudwatch-logs.html"", ""https://docs.aws.amazon.com/athena/latest/ug/cloudtrail-logs.html""]",4,a7ea08fd81b71ecd54a858dc6008b43bc9b65dfd7aac644db303d7a0e5e1d449
Q119,"[""Q119:A"", ""Q119:C""]","[""Q119:A"", ""Q119:C""]",verified,"[""A"", ""C""]",verified,"[""Q119:A"", ""Q119:C""]",verified,False,,Port scan tài nguyên thuộc quyền quản lý và SQL injection test ứng dụng trên các service được phép phù hợp policy; các hành vi flooding/namespace/DNS nêu còn lại bị cấm.,"[""https://aws.amazon.com/security/penetration-testing/""]",5,a7ea08fd81b71ecd54a858dc6008b43bc9b65dfd7aac644db303d7a0e5e1d449
Q120,"[""Q120:B"", ""Q120:E""]","[""Q120:B"", ""Q120:E""]",verified,"[""B"", ""E""]",verified,"[""Q120:B"", ""Q120:E""]",verified,False,,"Kiểm tra queue policy deny và role IAM allow giữ least privilege, thay vì cấp toàn quyền để thử.","[""https://docs.aws.amazon.com/AWSSimpleQueueService/latest/SQSDeveloperGuide/troubleshooting-access-denied.html"", ""https://docs.aws.amazon.com/IAM/latest/UserGuide/id_roles.html""]",5,a7ea08fd81b71ecd54a858dc6008b43bc9b65dfd7aac644db303d7a0e5e1d449
Q121,"[""Q121:B""]","[""Q121:B""]",verified,,ambiguous,,ambiguous,True,,Typo thực thi cụ thể trong option B; không âm thầm sửa đề khi gọi đáp án verified.,"[""https://docs.aws.amazon.com/AWSCloudFormation/latest/UserGuide/cloudformation-guard.html""]",4,a7ea08fd81b71ecd54a858dc6008b43bc9b65dfd7aac644db303d7a0e5e1d449
Q122,"[""Q122:A""]","[""Q122:A""]",ambiguous,,ambiguous,,ambiguous,True,,Không thay NLB thành ALB trong đề để hợp thức hóa A.,"[""https://docs.aws.amazon.com/waf/latest/developerguide/how-aws-waf-works-resources.html""]",4,a7ea08fd81b71ecd54a858dc6008b43bc9b65dfd7aac644db303d7a0e5e1d449
Q123,"[""Q123:B""]","[""Q123:B""]",verified,"[""B""]",verified,"[""Q123:B""]",verified,False,,"Guard rulegen tạo rules ban đầu từ các template đã biết compliant, sau đó validate trong pipeline.","[""https://docs.aws.amazon.com/cfn-guard/latest/ug/cfn-guard-rulegen.html"", ""https://docs.aws.amazon.com/AWSCloudFormation/latest/UserGuide/cloudformation-guard.html""]",4,a7ea08fd81b71ecd54a858dc6008b43bc9b65dfd7aac644db303d7a0e5e1d449
Q124,"[""Q124:A"", ""Q124:C""]","[""Q124:A"", ""Q124:C""]",verified,"[""A"", ""C""]",verified,"[""Q124:A"", ""Q124:C""]",verified,False,,A có cách viết dễ hiểu nhầm vị trí tạo policy. Không thể gắn policy target account vào IAM user caller như một managed-policy ARN cross-account.,"[""https://docs.aws.amazon.com/IAM/latest/UserGuide/tutorial_cross-account-with-roles.html"", ""https://docs.aws.amazon.com/organizations/latest/userguide/orgs_manage_policies_scps.html""]",5,a7ea08fd81b71ecd54a858dc6008b43bc9b65dfd7aac644db303d7a0e5e1d449
Q125,"[""Q125:B""]","[""Q125:B""]",verified,"[""B""]",verified,"[""Q125:B""]",verified,False,,"Trust anchor là resource riêng; trust policy tham chiếu ARN/CA constraints, không tạo trust anchor bên trong JSON policy.","[""https://docs.aws.amazon.com/rolesanywhere/latest/userguide/getting-started.html"", ""https://docs.aws.amazon.com/IAM/latest/UserGuide/id_roles.html""]",4,a7ea08fd81b71ecd54a858dc6008b43bc9b65dfd7aac644db303d7a0e5e1d449
Q126,"[""Q126:C"", ""Q126:D""]","[""Q126:C"", ""Q126:D""]",verified,"[""C"", ""D""]",verified,"[""Q126:C"", ""Q126:D""]",verified,False,,"Response headers policy hiện là giải pháp không cần code tốt cho nhiều trường hợp, nhưng không có trong options; không tự đổi khóa sang lựa chọn mới.","[""https://docs.aws.amazon.com/AmazonCloudFront/latest/DeveloperGuide/lambda-examples.html"", ""https://docs.aws.amazon.com/AmazonCloudFront/latest/DeveloperGuide/modifying-response-headers.html""]",5,a7ea08fd81b71ecd54a858dc6008b43bc9b65dfd7aac644db303d7a0e5e1d449
Q127,"[""Q127:A""]","[""Q127:A""]",verified,"[""A""]",verified,"[""Q127:A""]",verified,False,,Customer managed KMS key hỗ trợ imported material; DynamoDB hỗ trợ dùng key đó cho encryption at rest.,"[""https://docs.aws.amazon.com/amazondynamodb/latest/developerguide/encryption.usagenotes.html"", ""https://docs.aws.amazon.com/kms/latest/developerguide/importing-keys.html""]",4,a7ea08fd81b71ecd54a858dc6008b43bc9b65dfd7aac644db303d7a0e5e1d449
Q128,"[""Q128:C""]","[""Q128:C""]",verified,"[""C""]",verified,"[""Q128:C""]",verified,False,,Bucket policy phải cho CloudTrail ghi đúng prefix mới trước khi cập nhật prefix của trail.,"[""https://docs.aws.amazon.com/awscloudtrail/latest/userguide/create-s3-bucket-policy-for-cloudtrail.html""]",4,a7ea08fd81b71ecd54a858dc6008b43bc9b65dfd7aac644db303d7a0e5e1d449
Q129,"[""Q129:B"", ""Q129:C""]","[""Q129:B"", ""Q129:C""]",verified,"[""B"", ""C""]",verified,"[""Q129:B"", ""Q129:C""]",verified,False,,CloudFront chèn origin custom header bí mật; ALB chỉ forward khi header/value khớp và chặn mặc định phần còn lại.,"[""https://docs.aws.amazon.com/AmazonCloudFront/latest/DeveloperGuide/restrict-access-to-load-balancer.html""]",5,a7ea08fd81b71ecd54a858dc6008b43bc9b65dfd7aac644db303d7a0e5e1d449
Q130,"[""Q130:C""]","[""Q130:C""]",verified,"[""C""]",verified,"[""Q130:C""]",verified,False,,Service Catalog cung cấp sản phẩm với AMI đã duyệt; giới hạn permission để developer chỉ provision catalog trong account development.,"[""https://docs.aws.amazon.com/servicecatalog/latest/adminguide/constraints-launch.html""]",4,a7ea08fd81b71ecd54a858dc6008b43bc9b65dfd7aac644db303d7a0e5e1d449
Q131,"[""Q131:D""]","[""Q131:D""]",verified,"[""D""]",verified,"[""Q131:D""]",verified,False,,Cả hai loại log có thể lưu S3; Athena truy vấn dữ liệu lịch sử sau incident.,"[""https://docs.aws.amazon.com/athena/latest/ug/cloudtrail-logs.html"", ""https://docs.aws.amazon.com/athena/latest/ug/vpc-flow-logs.html"", ""https://docs.aws.amazon.com/AmazonCloudWatch/latest/logs/MonitoringLogData.html""]",4,a7ea08fd81b71ecd54a858dc6008b43bc9b65dfd7aac644db303d7a0e5e1d449
Q132,"[""Q132:C""]","[""Q132:C""]",verified,"[""C""]",verified,"[""Q132:C""]",verified,False,,Suppressed findings không gửi EventBridge/Security Hub và không dùng trong attack-sequence correlation. GuardDuty docs không có finding FTP brute-force tương ứng tiền đề; không khẳng định visibility hoàn toàn không đổi.,"[""https://docs.aws.amazon.com/guardduty/latest/ug/findings_suppression-rule.html"", ""https://docs.aws.amazon.com/guardduty/latest/ug/guardduty_finding-types-ec2.html""]",4,a7ea08fd81b71ecd54a858dc6008b43bc9b65dfd7aac644db303d7a0e5e1d449
Q133,"[""Q133:B""]",,ambiguous,"[""B""]",verified,"[""Q133:B""]",verified,True,,"Không nói managed rule không hỗ trợ tag filtering nói chung: Config scope hỗ trợ tag. B phải kiểm tra customer managed/key ARN, không chỉ SSE-KMS bật.","[""https://docs.aws.amazon.com/config/latest/developerguide/s3-default-encryption-kms.html""]",4,a7ea08fd81b71ecd54a858dc6008b43bc9b65dfd7aac644db303d7a0e5e1d449
Q134,"[""Q134:A""]","[""Q134:A""]",verified,"[""A""]",verified,"[""Q134:A""]",verified,False,,IAM OIDC provider và role trust policy cho phép external OIDC principal lấy temporary credentials qua web identity federation.,"[""https://docs.aws.amazon.com/IAM/latest/UserGuide/id_roles_providers_create_oidc.html"", ""https://docs.aws.amazon.com/rolesanywhere/latest/userguide/getting-started.html""]",4,a7ea08fd81b71ecd54a858dc6008b43bc9b65dfd7aac644db303d7a0e5e1d449
Q135,"[""Q135:D""]","[""Q135:D""]",verified,"[""D""]",verified,"[""Q135:D""]",verified,False,,"D nói hai HSM nhưng không chỉ rõ khác AZ; triển khai phải thêm điều kiện này, không khẳng định hai HSM cùng AZ là HA.","[""https://docs.aws.amazon.com/kms/latest/developerguide/keystore-cloudhsm.html""]",4,a7ea08fd81b71ecd54a858dc6008b43bc9b65dfd7aac644db303d7a0e5e1d449
Q136,"[""Q136:D""]","[""Q136:D""]",verified,"[""D""]",verified,"[""Q136:D""]",verified,False,,Root SCP explicit deny ses:* chặn SES dù IAM và OU SCP allow; phải gỡ deny ở root.,"[""https://docs.aws.amazon.com/IAM/latest/UserGuide/reference_policies_evaluation-logic.html"", ""https://docs.aws.amazon.com/organizations/latest/userguide/orgs_manage_policies_scps.html""]",4,a7ea08fd81b71ecd54a858dc6008b43bc9b65dfd7aac644db303d7a0e5e1d449
Q137,"[""Q137:A"", ""Q137:D""]","[""Q137:A"", ""Q137:D""]",verified,"[""A"", ""D""]",verified,"[""Q137:A"", ""Q137:D""]",verified,False,,"Bucket policy thực tế phải cho cloudtrail.amazonaws.com với SourceArn management/delegated trail, không chỉ cho IAM principal management account. CloudTrail không log mọi data event mặc định; cần chọn event coverage theo yêu cầu.","[""https://docs.aws.amazon.com/awscloudtrail/latest/userguide/creating-trail-organization.html"", ""https://docs.aws.amazon.com/awscloudtrail/latest/userguide/create-s3-bucket-policy-for-cloudtrail.html"", ""https://docs.aws.amazon.com/AmazonS3/latest/userguide/object-lock.html""]",5,a7ea08fd81b71ecd54a858dc6008b43bc9b65dfd7aac644db303d7a0e5e1d449
Q138,"[""Q138:C""]","[""Q138:C""]",verified,"[""C""]",verified,"[""Q138:C""]",verified,False,,C cần cấu hình thực thi runbook tự động; association runbook vào OpsItem đơn thuần chưa tự execute. A có thể được mở rộng để đáp ứng nhưng không mô tả progress updates.,"[""https://docs.aws.amazon.com/systems-manager/latest/userguide/OpsCenter-getting-started-sns.html""]",4,a7ea08fd81b71ecd54a858dc6008b43bc9b65dfd7aac644db303d7a0e5e1d449
Q139,"[""Q139:A"", ""Q139:B""]","[""Q139:A"", ""Q139:B""]",verified,"[""A"", ""B""]",verified,"[""Q139:A"", ""Q139:B""]",verified,False,,Lambda phải assume execution role và role đó phải có quyền ghi CloudWatch Logs.,"[""https://docs.aws.amazon.com/lambda/latest/dg/lambda-intro-execution-role.html""]",5,a7ea08fd81b71ecd54a858dc6008b43bc9b65dfd7aac644db303d7a0e5e1d449
Q140,"[""Q140:B""]","[""Q140:B""]",verified,"[""B""]",verified,"[""Q140:B""]",verified,False,,"B chỉ phát hiện bất thường của metric được trích xuất. Nếu mục tiêu là log-pattern anomaly tùy ý, cần CloudWatch Logs anomaly detector; A cũng khả thi nếu bổ sung cấu hình signal, nên không nói Container Insights không thu app logs.","[""https://docs.aws.amazon.com/AmazonCloudWatch/latest/logs/MonitoringLogData.html"", ""https://docs.aws.amazon.com/AmazonCloudWatch/latest/monitoring/CloudWatch_Anomaly_Detection.html""]",4,a7ea08fd81b71ecd54a858dc6008b43bc9b65dfd7aac644db303d7a0e5e1d449
Q141,"[""Q141:B""]","[""Q141:B""]",verified,"[""B""]",verified,"[""Q141:B""]",verified,False,,"Option B không viết stop condition; đây là cấu hình cần thêm khi triển khai, không tự có vì chỉ schedule experiment.","[""https://docs.aws.amazon.com/fis/latest/userguide/stop-conditions.html""]",4,a7ea08fd81b71ecd54a858dc6008b43bc9b65dfd7aac644db303d7a0e5e1d449
Q142,"[""Q142:A""]","[""Q142:A""]",verified,,ambiguous,,ambiguous,True,,"Standard v2 có viewer-request/response-log-data bổ sung từ CloudFront Functions, nhưng cần code thêm và giới hạn 800 bytes; option A không nêu giải pháp này. Không chuyển cs-headers từ real-time sang standard bằng suy đoán.","[""https://docs.aws.amazon.com/AmazonCloudFront/latest/DeveloperGuide/standard-logging.html"", ""https://docs.aws.amazon.com/AmazonCloudFront/latest/DeveloperGuide/standard-logs-reference.html"", ""https://docs.aws.amazon.com/AmazonCloudFront/latest/DeveloperGuide/real-time-logs.html""]",4,a7ea08fd81b71ecd54a858dc6008b43bc9b65dfd7aac644db303d7a0e5e1d449
Q143,"[""Q143:C""]","[""Q143:C""]",verified,"[""C""]",verified,"[""Q143:C""]",verified,False,,Source dùng account IDs 10 digits như placeholders; account ID/ARN thật phải hợp lệ. Không sửa nguyên văn nguồn.,"[""https://docs.aws.amazon.com/IAM/latest/UserGuide/id_roles_common-scenarios_third-party.html""]",4,a7ea08fd81b71ecd54a858dc6008b43bc9b65dfd7aac644db303d7a0e5e1d449
