question_id,community_self_assessment_answer,community_self_assessment_status,official_researched_answer,official_status,comparison,discussion_urls,official_note_vi
Q001,,disputed,,ambiguous,both_withhold_answer,"[""https://www.examtopics.com/discussions/amazon/view/382889-exam-aws-certified-security-specialty-scs-c03-topic-1/""]",C không sửa principal/SourceArn; không giữ verified khi điều kiện đủ quyền vẫn sai.
Q002,"[""Q002:S1"", ""Q002:S5"", ""Q002:S3""]",supported_by_observed_reasoning,,ambiguous,community_proposes_official_withholds,"[""https://www.examtopics.com/discussions/amazon/view/382911-exam-aws-certified-security-specialty-scs-c03-topic-1/""]",Phân biệt JWT token và temporary AWS credentials; user pool không tự phát AWS credentials.
Q003,"[""Q003:B""]",supported_by_observed_reasoning,"[""Q003:B""]",verified,same_answer,"[""https://www.examtopics.com/discussions/amazon/view/382901-exam-aws-certified-security-specialty-scs-c03-topic-1/""]","Giữ B; ghi rõ D nhắc NotAction không tồn tại, và BoolIfExists=true vẫn deny khi key vắng."
Q004,"[""Q004:C""]",supported_by_observed_reasoning,"[""Q004:C""]",verified,same_answer,"[""https://www.examtopics.com/discussions/amazon/view/382899-exam-aws-certified-security-specialty-scs-c03-topic-1/""]",Giữ C; sửa D: StringEquals nhắm eu-west-1 chứ không phải Region khác; Allow không hạn chế default SCP.
Q005,,disputed,,ambiguous,both_withhold_answer,"[""https://www.examtopics.com/discussions/amazon/view/382912-exam-aws-certified-security-specialty-scs-c03-topic-1/""]","Không ép source tutorial thành chuỗi duy nhất; cả metadata và SCIM là bước hợp lệ, scope không xác định."
Q006,,mapping_unconfirmed,"[""Q006:C""]",verified,no_community_discussion_evidence,[],Kết luận C và giới hạn ViaService đúng; rút gọn.
Q007,,mapping_unconfirmed,,ambiguous,no_community_discussion_evidence,[],Bucket ARN không deny object APIs; principal đúng không đủ để verified whole policy.
Q008,,disputed,,unresolved,both_withhold_answer,"[""https://www.examtopics.com/discussions/amazon/view/382888-exam-aws-certified-security-specialty-scs-c03-topic-1/""]",Không chấm full mapping; P1/P5 trùng; custom insights không tự chứng minh multi-stage correlation.
Q009,"[""Q009:B""]",supported_by_observed_reasoning,"[""Q009:B""]",verified,same_answer,"[""https://www.examtopics.com/discussions/amazon/view/382895-exam-aws-certified-security-specialty-scs-c03-topic-1/""]",Giữ B; compliance retention và Object Lock đích là điều kiện cần đã nêu.
Q010,"[""Q010:B""]",supported_by_observed_reasoning,,ambiguous,community_proposes_official_withholds,"[""https://www.examtopics.com/discussions/amazon/view/382890-exam-aws-certified-security-specialty-scs-c03-topic-1/""]","State enabled/usable mâu thuẫn PendingReplicaDeletion, nên B chỉ là ý định sau sửa nguồn."
Q011,"[""Q011:B""]",supported_by_observed_reasoning,,ambiguous,community_proposes_official_withholds,"[""https://www.examtopics.com/discussions/amazon/view/382918-exam-aws-certified-security-specialty-scs-c03-topic-1/""]",Tách native shell khỏi SSH-over-SSM và ghi pricing chính thức có ngày hiệu lực hiện hành; không verified mọi literal yêu cầu.
Q012,"[""Q012:C""]",supported_by_observed_reasoning,"[""Q012:C""]",verified,same_answer,"[""https://www.examtopics.com/discussions/amazon/view/382891-exam-aws-certified-security-specialty-scs-c03-topic-1/""]",Giữ C; hai GuardDuty features và runtime-node support được xác nhận.
Q013,"[""Q013:A"", ""Q013:E""]",supported_by_observed_reasoning,,ambiguous,community_proposes_official_withholds,"[""https://www.examtopics.com/discussions/amazon/view/382892-exam-aws-certified-security-specialty-scs-c03-topic-1/""]","E sai dấu đóng biến và shorthand ARN; AE chỉ sau sửa nguồn, không verified literal option."
Q014,"[""Q014:B""]",supported_by_observed_reasoning,"[""Q014:B""]",verified,same_answer,"[""https://www.examtopics.com/discussions/amazon/view/382894-exam-aws-certified-security-specialty-scs-c03-topic-1/""]",Giữ B; giải thích Daily recording rõ thay vì coi mọi thay đổi nhanh tự gộp.
Q015,,mapping_unconfirmed,"[""Q015:D""]",verified,no_community_discussion_evidence,[],"D dùng dịch vụ KMS và CloudTrail. Đề chỉ ràng buộc symmetric KMS keys vào custom store, không nói mọi data-key pair phải dùng chính các key đó; GenerateDataKeyPair cần symmetric key riêng ở standard store."
Q016,"[""Q016:C""]",supported_by_observed_reasoning,"[""Q016:C""]",verified,same_answer,"[""https://www.examtopics.com/discussions/amazon/view/382948-exam-aws-certified-security-specialty-scs-c03-topic-1/""]",Giữ C; không suy mặc định never-expire áp dụng log group hiện có; đặt/kiểm tra >=365 ngày.
Q017,"[""Q017:A""]",supported_by_observed_reasoning,"[""Q017:A""]",verified,same_answer,"[""https://www.examtopics.com/discussions/amazon/view/382893-exam-aws-certified-security-specialty-scs-c03-topic-1/""]","Giữ A; endpoint policy chặn cả external credentials, SCP không làm được."
Q018,,mapping_unconfirmed,"[""Q018:A""]",verified,no_community_discussion_evidence,[],Giữ A; PITR tạo cluster mới và timestamp cần timezone/earliest-latest restorable range.
Q019,"[""Q019:D""]",disputed,,ambiguous,community_proposes_official_withholds,"[""https://www.examtopics.com/discussions/amazon/view/382926-exam-aws-certified-security-specialty-scs-c03-topic-1/""]",Disable Identity Center user không revoke active AWS role sessions; sửa kết luận immediate và phân biệt IAM user/IdC user.
Q020,"[""Q020:A""]",supported_by_observed_reasoning,"[""Q020:A""]",verified,same_answer,"[""https://www.examtopics.com/discussions/amazon/view/382924-exam-aws-certified-security-specialty-scs-c03-topic-1/""]",Giữ A; Inspector phát hiện và Patch Manager khắc phục.
Q021,"[""Q021:C""]",supported_by_observed_reasoning,"[""Q021:C""]",verified,same_answer,"[""https://www.examtopics.com/discussions/amazon/view/382921-exam-aws-certified-security-specialty-scs-c03-topic-1/""]","Giữ C; lấy mẫu hằng ngày, full job chỉ object/format đủ điều kiện; không hứa mọi object."
Q022,"[""Q022:D""]",supported_by_observed_reasoning,"[""Q022:D""]",verified,same_answer,"[""https://www.examtopics.com/discussions/amazon/view/382922-exam-aws-certified-security-specialty-scs-c03-topic-1/""]","Giữ D; không nói import key nói chung bất khả thi, mà key mới không giải mã snapshot cũ; cross-account cần hai phía."
Q023,,mapping_unconfirmed,,ambiguous,no_community_discussion_evidence,[],A chỉ Aurora MySQL; unspecified engine cần ambiguous thay vì verified mặc dù caveat đã có.
Q024,"[""Q024:C""]",disputed,"[""Q024:C""]",verified,same_answer,"[""https://www.examtopics.com/discussions/amazon/view/382941-exam-aws-certified-security-specialty-scs-c03-topic-1/""]",Đổi null/ambiguous thành C: ứng dụng được phép thay đổi nên có thể dùng shared rolling atomic counter; least effort chỉ so các đáp án đáp ứng.
Q025,"[""Q025:B""]",supported_by_observed_reasoning,"[""Q025:B""]",verified,same_answer,"[""https://www.examtopics.com/discussions/amazon/view/382932-exam-aws-certified-security-specialty-scs-c03-topic-1/""]",Giữ B; stateless return/ephemeral và thứ tự rule đúng.
Q026,"[""Q026:D""]",supported_by_observed_reasoning,,ambiguous,community_proposes_official_withholds,"[""https://www.examtopics.com/discussions/amazon/view/382910-exam-aws-certified-security-specialty-scs-c03-topic-1/""]",Không loại B chỉ vì inline policy: inline attach role là hợp lệ; task role không cô lập specific container; DBA plaintext vẫn cần hạn chế riêng.
Q027,"[""Q027:A"", ""Q027:C""]",supported_by_observed_reasoning,"[""Q027:A"", ""Q027:C""]",verified,same_answer,"[""https://www.examtopics.com/discussions/amazon/view/382920-exam-aws-certified-security-specialty-scs-c03-topic-1/""]",Giữ AC; conditional Allow đơn lẻ không buộc tất cả requests dùng VPCE nếu còn Allow khác.
Q028,"[""Q028:D""]",supported_by_observed_reasoning,"[""Q028:D""]",verified,same_answer,"[""https://www.examtopics.com/discussions/amazon/view/382904-exam-aws-certified-security-specialty-scs-c03-topic-1/""]","Giữ D; revoke issued sessions trước cutoff, không ngăn phát hành credentials mới nếu instance còn bị kiểm soát."
Q029,"[""Q029:B""]",supported_by_observed_reasoning,"[""Q029:B""]",verified,same_answer,"[""https://www.examtopics.com/discussions/amazon/view/382944-exam-aws-certified-security-specialty-scs-c03-topic-1/""]",Giữ B; sửa D tránh khẳng định KMS không bao giờ trả plaintext keys; SSE-C không chịu KMS decrypt authorization như SSE-KMS.
Q030,"[""Q030:A""]",supported_by_observed_reasoning,"[""Q030:A""]",verified,same_answer,"[""https://www.examtopics.com/discussions/amazon/view/382923-exam-aws-certified-security-specialty-scs-c03-topic-1/""]","Giữ A; sensitive publication opt-in từng account/Region, delegated admin không thay settings member tự động."
Q031,"[""Q031:B""]",supported_by_observed_reasoning,"[""Q031:B""]",verified,same_answer,"[""https://www.examtopics.com/discussions/amazon/view/382897-exam-aws-certified-security-specialty-scs-c03-topic-1/""]",Giữ B; test domain phải thực sự trong threat/test context; example.com không tự sinh finding.
Q032,"[""Q032:B"", ""Q032:C""]",supported_by_observed_reasoning,"[""Q032:B"", ""Q032:C""]",verified,same_answer,"[""https://www.examtopics.com/discussions/amazon/view/382896-exam-aws-certified-security-specialty-scs-c03-topic-1/""]",Giữ BC; Cognito đã có minimum length nên premise không có bất kỳ minimum là sai literal.
Q033,"[""Q033:C""]",supported_by_observed_reasoning,"[""Q033:C""]",verified,same_answer,"[""https://www.examtopics.com/discussions/amazon/view/382925-exam-aws-certified-security-specialty-scs-c03-topic-1/""]","Giữ C; User-Agent có thể giả mạo, block marker không bảo đảm chặn mọi credential stuffing."
Q034,"[""Q034:A""]",supported_by_observed_reasoning,"[""Q034:A""]",verified,same_answer,"[""https://www.examtopics.com/discussions/amazon/view/382902-exam-aws-certified-security-specialty-scs-c03-topic-1/""]",Giữ A; gắn WAF trước cả hai instance và restrict direct path để tránh bypass.
Q035,,disputed,"[""Q035:B""]",verified,community_withholds_official_answered,"[""https://www.examtopics.com/discussions/amazon/view/382946-exam-aws-certified-security-specialty-scs-c03-topic-1/""]",Giữ B; AWS docs trực tiếp chỉ eic_harvest_hostkeys sau rotation.
Q036,"[""Q036:C""]",supported_by_observed_reasoning,"[""Q036:C""]",verified,same_answer,"[""https://www.examtopics.com/discussions/amazon/view/382930-exam-aws-certified-security-specialty-scs-c03-topic-1/""]",Giữ C; Macie/EventBridge/SNS là tích hợp native phù hợp.
Q037,"[""Q037:B""]",supported_by_observed_reasoning,"[""Q037:B""]",verified,same_answer,"[""https://www.examtopics.com/discussions/amazon/view/382909-exam-aws-certified-security-specialty-scs-c03-topic-1/""]",Kết luận đúng; giảm độ dài và ghi rõ phạm vi API Gateway REST API stages.
Q038,"[""Q038:C""]",supported_by_observed_reasoning,"[""Q038:C""]",verified,same_answer,"[""https://www.examtopics.com/discussions/amazon/view/382942-exam-aws-certified-security-specialty-scs-c03-topic-1/""]","Kết luận đúng; cần outbound application SG cho phép tới DB, không suy ra chỉ từ stateful."
Q039,"[""Q039:D""]",supported_by_observed_reasoning,"[""Q039:D""]",verified,same_answer,"[""https://www.examtopics.com/discussions/amazon/view/382916-exam-aws-certified-security-specialty-scs-c03-topic-1/""]",Role production đúng trong các lựa chọn; câu 'role cross-account phải luôn ở account tài nguyên' quá tuyệt đối vì còn resource policies.
Q040,"[""Q040:D""]",disputed,"[""Q040:D""]",verified,same_answer,"[""https://www.examtopics.com/discussions/amazon/view/382947-exam-aws-certified-security-specialty-scs-c03-topic-1-question-40-discussion/""]","Giữ D: ngữ cảnh fix cần4giờ, instance vẫn bị chiếm, nên revoke các session cũ không ngăn attacker lấy credentials mới. D là biện pháp duy trì chặn đọc trong thời gian khắc phục; không suy diễn ngắt stream đã authorize."
Q041,"[""Q041:B""]",supported_by_observed_reasoning,,ambiguous,community_proposes_official_withholds,"[""https://www.examtopics.com/discussions/amazon/view/382931-exam-aws-certified-security-specialty-scs-c03-topic-1/""]","Không thể chứng minh 'sớm nhất' tuyệt đối; hourly poll không đồng nghĩa hourly dữ liệu, nhưng cũng không tự chứng minh B luôn đến trước A."
Q042,"[""Q042:A"", ""Q042:D""]",supported_by_observed_reasoning,"[""Q042:A"", ""Q042:D""]",verified,same_answer,"[""https://www.examtopics.com/discussions/amazon/view/382898-exam-aws-certified-security-specialty-scs-c03-topic-1/""]",Đúng; JSON structured log là điều kiện để tự nhận diện trường mà không parse tùy chỉnh.
Q043,"[""Q043:D""]",supported_by_observed_reasoning,"[""Q043:D""]",verified,same_answer,"[""https://www.examtopics.com/discussions/amazon/view/382915-exam-aws-certified-security-specialty-scs-c03-topic-1/""]",Đúng; dùng current trail và home Region.
Q044,"[""Q044:C""]",supported_by_observed_reasoning,"[""Q044:C""]",verified,same_answer,"[""https://www.examtopics.com/discussions/amazon/view/382900-exam-aws-certified-security-specialty-scs-c03-topic-1/""]","Đúng; grant dành thao tác cryptographic, không tự hết hạn theo TTL."
Q045,"[""Q045:C""]",disputed,,unresolved,community_proposes_official_withholds,"[""https://www.examtopics.com/discussions/amazon/view/382935-exam-aws-certified-security-specialty-scs-c03-topic-1-question-45-discussion/""]",Sai nguyên văn IAM condition key và quá rộng: tag policy enforcement không áp dụng mọi tài nguyên; tài nguyên untagged không được tự buộc có tag.
Q046,"[""Q046:A""]",supported_by_observed_reasoning,"[""Q046:A""]",verified,same_answer,"[""https://www.examtopics.com/discussions/amazon/view/382939-exam-aws-certified-security-specialty-scs-c03-topic-1/""]","Đúng; HSM crypto users khác IAM users, RAM share subnet khác CloudHSM backup sharing."
Q047,"[""Q047:A""]",supported_by_observed_reasoning,,ambiguous,community_proposes_official_withholds,"[""https://www.examtopics.com/discussions/amazon/view/382903-exam-aws-certified-security-specialty-scs-c03-topic-1/""]",Current keywords tự thêm account/Region tương lai dù stem chỉ yêu cầu bucket tương lai; C cũng hợp lệ trong phạm vi hiện tại.
Q048,"[""Q048:A"", ""Q048:C"", ""Q048:F""]",supported_by_observed_reasoning,"[""Q048:A"", ""Q048:C"", ""Q048:F""]",verified,same_answer,"[""https://www.examtopics.com/discussions/amazon/view/382937-exam-aws-certified-security-specialty-scs-c03-topic-1/""]",E không tuyệt đối sai nếu auditor dùng credentials/profiles riêng; loại E chỉ khi cùng source credentials đang dùng được ở accounts khác.
Q049,"[""Q049:B""]",disputed,"[""Q049:B""]",verified,same_answer,"[""https://www.examtopics.com/discussions/amazon/view/382934-exam-aws-certified-security-specialty-scs-c03-topic-1-question-49-discussion/""]","Đúng; thử FIS ở dev có giá trị nếu representative, nhưng phương án chưa thực hiện production mitigation."
Q050,"[""Q050:A"", ""Q050:B""]",supported_by_observed_reasoning,"[""Q050:A"", ""Q050:B""]",verified,same_answer,"[""https://www.examtopics.com/discussions/amazon/view/382943-exam-aws-certified-security-specialty-scs-c03-topic-1/""]","Đúng; DX không tự mã hóa IPsec, kết hợp VPN."
Q051,"[""Q051:A""]",supported_by_observed_reasoning,"[""Q051:A""]",verified,same_answer,"[""https://www.examtopics.com/discussions/amazon/view/382933-exam-aws-certified-security-specialty-scs-c03-topic-1-question-51-discussion/""]",Đúng có điều kiện deny-by-default allowlist; không khẳng định Allow đơn lẻ cấm mọi PutObject hoặc tag/management-account scope.
Q052,"[""Q052:C""]",supported_by_observed_reasoning,"[""Q052:C""]",verified,same_answer,"[""https://www.examtopics.com/discussions/amazon/view/382940-exam-aws-certified-security-specialty-scs-c03-topic-1/""]",Đúng event wiring; security group quarantine không chắc cắt connection đang tracking.
Q053,"[""Q053:A""]",supported_by_observed_reasoning,"[""Q053:A""]",verified,same_answer,"[""https://www.examtopics.com/discussions/amazon/view/382905-exam-aws-certified-security-specialty-scs-c03-topic-1/""]",Factual lỗi: hourly schedule không bảo đảm hard RPO và backup vault không mặc định bất biến; Vault Lock là optional.
Q054,"[""Q054:A"", ""Q054:D"", ""Q054:F""]",disputed,,ambiguous,community_proposes_official_withholds,"[""https://www.examtopics.com/discussions/amazon/view/382928-exam-aws-certified-security-specialty-scs-c03-topic-1-question-54-discussion/""]","Current giải thích silently đổi F từ 'user assignments only in management account' thành 'users not groups'; cần flag sửa wording, recommendations không prerequisites."
Q055,"[""Q055:B"", ""Q055:C"", ""Q055:E""]",supported_by_observed_reasoning,"[""Q055:B"", ""Q055:C"", ""Q055:E""]",verified,same_answer,"[""https://www.examtopics.com/discussions/amazon/view/382908-exam-aws-certified-security-specialty-scs-c03-topic-1/""]",Đúng; thứ tự AWS là metadata -> protections/tags -> disk -> memory -> isolate; E gom metadata/tag nên không coi lựa chọn là thứ tự toàn bộ.
Q056,"[""Q056:A""]",disputed,,ambiguous,community_proposes_official_withholds,"[""https://www.examtopics.com/discussions/amazon/view/382927-exam-aws-certified-security-specialty-scs-c03-topic-1-question-56-discussion/""]",Current suy ra tracked session chuyển ngay sang untracked khi thêm allow-all; EC2 docs chỉ chắc cho originally untracked connections; runbook cho thêm evidence pattern nhưng không proof tương đương đổi rules SG.
Q057,"[""Q057:A""]",supported_by_observed_reasoning,"[""Q057:A""]",verified,same_answer,"[""https://www.examtopics.com/discussions/amazon/view/382913-exam-aws-certified-security-specialty-scs-c03-topic-1-question-57-discussion/""]",Đúng name/path bắt buộc; same permissions khuyến nghị.
Q058,"[""Q058:D""]",disputed,"[""Q058:D""]",verified,same_answer,"[""https://www.examtopics.com/discussions/amazon/view/382938-exam-aws-certified-security-specialty-scs-c03-topic-1-question-58-discussion/""]",D là possible cause chứ không chắc chắn nếu tồn tại direct grant/key-policy Allow.
Q059,,mapping_unconfirmed,"[""Q059:A""]",verified,no_community_discussion_evidence,[],Đúng; key local Region của replica; AWS tự tạo managed key.
Q060,"[""Q060:A""]",supported_by_observed_reasoning,"[""Q060:A""]",verified,same_answer,"[""https://www.examtopics.com/discussions/amazon/view/382919-exam-aws-certified-security-specialty-scs-c03-topic-1/""]",Đúng; Detective IAM investigation/report.
Q061,"[""Q061:A"", ""Q061:D""]",supported_by_observed_reasoning,"[""Q061:A"", ""Q061:D""]",verified,same_answer,"[""https://www.examtopics.com/discussions/amazon/view/382945-exam-aws-certified-security-specialty-scs-c03-topic-1/""]",Current why_correct hứa không finding cho mọi IP: phải giới hạn public IPv4 và ngoại lệ DNS/Runtime finding.
Q062,,disputed,,unresolved,both_withhold_answer,"[""https://www.examtopics.com/discussions/amazon/view/382906-exam-aws-certified-security-specialty-scs-c03-topic-1-question-62-discussion/""]",E hỏi last console login; credential report last-use không xác định attacker/all API activity; B/E không đáp ứng và CloudTrail thiếu.
Q063,,disputed,"[""Q063:C""]",verified,community_withholds_official_answered,"[""https://www.examtopics.com/discussions/amazon/view/404534-exam-aws-certified-security-specialty-scs-c03-topic-1/""]",Instance profile đã temporary; 1-hour expiry là maximum deadline không nhất thiết minimum availability guarantee; C mới role session hữu ích nhưng không identity-bind từng client.
Q064,"[""Q064:D""]",supported_by_observed_reasoning,"[""Q064:D""]",verified,same_answer,"[""https://www.examtopics.com/discussions/amazon/view/404535-exam-aws-certified-security-specialty-scs-c03-topic-1/""]",Đúng; Firewall Manager hiện không enabled CloudWatch metrics/alarms.
Q065,"[""Q065:C""]",supported_by_observed_reasoning,"[""Q065:C""]",verified,same_answer,"[""https://www.examtopics.com/discussions/amazon/view/404536-exam-aws-certified-security-specialty-scs-c03-topic-1/""]",Current 'tự launch' mặc định khi sự cố sai mức tự động: DRS hỗ trợ launch; trigger/automation cần cấu hình.
Q066,,no_discussion_evidence,"[""Q066:A"", ""Q066:B""]",verified,no_community_discussion_evidence,[],"Đúng; WAF xử lý geo, Lambda business validation."
Q067,,no_discussion_evidence,"[""Q067:A""]",verified,no_community_discussion_evidence,[],Đúng; đừng mở rộng tip sang mọi managed app hoặc khẳng định Cognito chỉ customer identities tuyệt đối.
Q068,"[""Q068:B"", ""Q068:E""]",supported_by_observed_reasoning,"[""Q068:B"", ""Q068:E""]",verified,same_answer,"[""https://www.examtopics.com/discussions/amazon/view/404539-exam-aws-certified-security-specialty-scs-c03-topic-1/""]","Đúng; Shield response plus WAF layer7, SG không có deny rules."
Q069,,no_discussion_evidence,"[""Q069:D""]",verified,no_community_discussion_evidence,[],Đúng; endpoint source VPC cùng Region và endpoint policy cho bucket accountB.
Q070,"[""Q070:A""]",supported_by_observed_reasoning,,ambiguous,community_proposes_official_withholds,"[""https://www.examtopics.com/discussions/amazon/view/404541-exam-aws-certified-security-specialty-scs-c03-topic-1/""]",Current tự ghi runbook Creates new trail nhưng vẫn verified bật lại existing; cần kiểm chứng API/scope và periodic detector.
Q071,"[""Q071:B""]",supported_by_observed_reasoning,"[""Q071:B""]",verified,same_answer,"[""https://www.examtopics.com/discussions/amazon/view/404542-exam-aws-certified-security-specialty-scs-c03-topic-1-question-71-discussion/""]",Đúng; certificate identity khác network và certificate issuance.
Q072,"[""Q072:B""]",supported_by_observed_reasoning,"[""Q072:B""]",verified,same_answer,"[""https://www.examtopics.com/discussions/amazon/view/404543-exam-aws-certified-security-specialty-scs-c03-topic-1-question-72-discussion/""]","Đúng; permission set role session1h khác portal session, CLI refresh vẫn có thể xảy ra."
Q073,"[""Q073:S1"", ""Q073:S3"", ""Q073:S4""]",supported_by_observed_reasoning,"[""Q073:S1"", ""Q073:S3"", ""Q073:S4""]",verified,same_answer,"[""https://www.examtopics.com/discussions/amazon/view/404544-exam-aws-certified-security-specialty-scs-c03-topic-1-question-73-discussion/"", ""https://www.examtopics.com/discussions/amazon/view/404544-exam-aws-certified-security-specialty-scs-c03-topic-1/""]",Custom action ARN đi vào EventBridge; Lambda là rule target; cross-account Lambda cần assume role.
Q074,,mapping_unconfirmed,"[""Q074:C""]",verified,no_community_discussion_evidence,[],"Key và status khớp; thay văn bản bằng giải thích ngắn, giữ nghĩa."
Q075,,mapping_unconfirmed,"[""Q075:A""]",verified,no_community_discussion_evidence,[],"Giữ A theo mục tiêu kiến trúc; blog AWS2018 hỗ trợ publication event trong năm phút, nhưng không nói SNS email có contractual/end-to-end SLA."
Q076,"[""Q076:D""]",disputed,"[""Q076:D""]",verified,same_answer,"[""https://www.examtopics.com/discussions/amazon/view/404547-exam-aws-certified-security-specialty-scs-c03-topic-1-question-76-discussion/""]",Bỏ 'chặn ngay': rate-based rule và Shield có detection/mitigation latency; tính năng legacy bị thay từ 26/03/2026.
Q077,,disputed,,ambiguous,both_withhold_answer,"[""https://www.examtopics.com/discussions/amazon/view/404548-exam-aws-certified-security-specialty-scs-c03-topic-1-question-77-discussion/"", ""https://www.examtopics.com/discussions/amazon/view/404548-exam-aws-certified-security-specialty-scs-c03-topic-1/""]",Giữ ambiguous và bỏ key duy nhất: preventive không đáp ứng; B là intended remediation.
Q078,"[""Q078:A""]",supported_by_observed_reasoning,"[""Q078:A""]",verified,same_answer,"[""https://www.examtopics.com/discussions/amazon/view/409750-exam-aws-certified-security-specialty-scs-c03-topic-1-question-78-discussion/""]","Key và status khớp; thay văn bản bằng giải thích ngắn, giữ nghĩa."
Q079,,mapping_unconfirmed,"{""Q079:P1"": ""Q079:R2"", ""Q079:P2"": ""Q079:R6"", ""Q079:P3"": ""Q079:R1""}",verified,no_community_discussion_evidence,[],Maintenance mode từ 30/04/2026 đã được review nêu; phải giữ caveat account/Region mới.
Q080,"[""Q080:A""]",supported_by_observed_reasoning,"[""Q080:A""]",verified,same_answer,"[""https://www.examtopics.com/discussions/amazon/view/408956-exam-aws-certified-security-specialty-scs-c03-topic-1-question-80-discussion/""]","Key và status khớp; thay văn bản bằng giải thích ngắn, giữ nghĩa."
Q081,"{""Q081:P1"": ""Q081:R2"", ""Q081:P2"": ""Q081:R1"", ""Q081:P3"": ""Q081:R4"", ""Q081:P4"": ""Q081:R3"", ""Q081:P5"": ""Q081:R5""}",supported_by_observed_reasoning,"{""Q081:P1"": ""Q081:R2"", ""Q081:P2"": ""Q081:R1"", ""Q081:P3"": ""Q081:R4"", ""Q081:P4"": ""Q081:R3"", ""Q081:P5"": ""Q081:R5""}",verified,same_answer,"[""https://www.examtopics.com/discussions/amazon/view/408955-exam-aws-certified-security-specialty-scs-c03-topic-1/"", ""https://www.examtopics.com/discussions/amazon/view/408955-exam-aws-certified-security-specialty-scs-c03-topic-1-question-81-discussion/""]","User Notifications cần cấu hình event filter/channel, Config remediation cần role quyền phù hợp."
Q082,"{""Q082:P1"": ""Q082:R3"", ""Q082:P2"": ""Q082:R2"", ""Q082:P3"": ""Q082:R4"", ""Q082:P4"": ""Q082:R5"", ""Q082:P5"": ""Q082:R1""}",supported_by_observed_reasoning,"{""Q082:P1"": ""Q082:R3"", ""Q082:P2"": ""Q082:R2"", ""Q082:P3"": ""Q082:R4"", ""Q082:P4"": ""Q082:R5"", ""Q082:P5"": ""Q082:R1""}",verified,same_answer,"[""https://www.examtopics.com/discussions/amazon/view/409752-exam-aws-certified-security-specialty-scs-c03-topic-1-question-82-discussion/""]","Bằng chứng bổ sung xác nhận logging practice có alerting, nên giải quyết nghi ngờ blind và giữ mapping; thuật ngữ options là best practices."
Q083,"[""Q083:B""]",supported_by_observed_reasoning,"[""Q083:B""]",verified,same_answer,"[""https://www.examtopics.com/discussions/amazon/view/409753-exam-aws-certified-security-specialty-scs-c03-topic-1-question-83-discussion/"", ""https://www.examtopics.com/discussions/amazon/view/409753-exam-aws-certified-security-specialty-scs-c03-topic-1/""]",S3 object access cần data events; khoảng 5 phút không SLA; server access log tới S3 không tương đương CloudWatch delivery mới.
Q084,,disputed,,unresolved,both_withhold_answer,"[""https://www.examtopics.com/discussions/amazon/view/409754-exam-aws-certified-security-specialty-scs-c03-topic-1-question-84-discussion/""]","Không được bỏ hai bước selector sai rồi gọi toàn option verified; eventName trên event data store không tương đương trail, resources.ARN chỉ data events."
Q085,"[""Q085:A""]",supported_by_observed_reasoning,"[""Q085:A""]",verified,same_answer,"[""https://www.examtopics.com/discussions/amazon/view/409755-exam-aws-certified-security-specialty-scs-c03-topic-1-question-85-discussion/""]","Key và status khớp; thay văn bản bằng giải thích ngắn, giữ nghĩa."
Q086,,mapping_unconfirmed,"[""Q086:D""]",verified,no_community_discussion_evidence,[],Root account principal bật delegation; không nói root user cũng cần identity policy.
Q087,,mapping_unconfirmed,,ambiguous,no_community_discussion_evidence,[],"BE và CE đều hợp lệ, Config delegated admin không tự là StackSets delegated admin; không ép chọn BE."
Q088,,mapping_unconfirmed,"[""Q088:B""]",verified,no_community_discussion_evidence,[],"Key và status khớp; thay văn bản bằng giải thích ngắn, giữ nghĩa."
Q089,,mapping_unconfirmed,"[""Q089:B""]",verified,no_community_discussion_evidence,[],"Boundary phải được bắt buộc khi CreateRole, ngăn detach/edit và kiểm soát PassRole."
Q090,,mapping_unconfirmed,"[""Q090:A""]",verified,no_community_discussion_evidence,[],"Option A phải được triển khai với org portfolio sharing/end-user access, không chỉ product/portfolio."
Q091,,mapping_unconfirmed,"[""Q091:C""]",verified,no_community_discussion_evidence,[],Chỉ material gắn dữ liệu cũ mới khôi phục decrypt; không suy rộng thành KMS imported material không hỗ trợ rotation hiện nay.
Q092,,mapping_unconfirmed,"[""Q092:B"", ""Q092:D""]",verified,no_community_discussion_evidence,[],BoolIfExists bao phủ missing MFA key; option E còn lỗi JSON thiếu colon.
Q093,,mapping_unconfirmed,"[""Q093:C""]",verified,no_community_discussion_evidence,[],"Key và status khớp; thay văn bản bằng giải thích ngắn, giữ nghĩa."
Q094,,mapping_unconfirmed,,ambiguous,no_community_discussion_evidence,[],"Managed policy hiện hành ghi không gỡ, làm theo Support case; review paraphrase 'giữ tới remediation rồi gỡ' không được nguồn hỗ trợ."
Q095,,no_discussion_evidence,,ambiguous,no_community_discussion_evidence,"[""https://www.examtopics.com/discussions/amazon/view/429610-exam-aws-certified-security-specialty-scs-c03-topic-1-question-95-discussion/""]",Option C dùng một policy scope all Regions không khả thi cho ALBs; caveat không cứu whole-option verified.
Q096,,mapping_unconfirmed,"[""Q096:C""]",verified,no_community_discussion_evidence,[],"Key và status khớp; thay văn bản bằng giải thích ngắn, giữ nghĩa."
Q097,,mapping_unconfirmed,"[""Q097:C""]",verified,no_community_discussion_evidence,[],"Key và status khớp; thay văn bản bằng giải thích ngắn, giữ nghĩa."
Q098,,mapping_unconfirmed,"[""Q098:D""]",verified,no_community_discussion_evidence,[],"Key và status khớp; thay văn bản bằng giải thích ngắn, giữ nghĩa."
Q099,,mapping_unconfirmed,"[""Q099:C""]",verified,no_community_discussion_evidence,[],Versioned bucket cần NoncurrentVersionExpiration nếu xóa hoàn toàn sau hai năm; current expiration chỉ tạo delete marker.
Q100,,mapping_unconfirmed,"[""Q100:D""]",verified,no_community_discussion_evidence,[],"SCP không áp cho management account, external principals hay service-linked roles; định nghĩa any bucket phải có scope."
Q101,,mapping_unconfirmed,"[""Q101:A""]",verified,no_community_discussion_evidence,[],Current tag policy có required-tag reporting/IaC behavior; không nói mọi tag policy không bao giờ required tags; SCP presence vẫn phù hợp.
Q102,,mapping_unconfirmed,"[""Q102:A"", ""Q102:C""]",verified,no_community_discussion_evidence,[],OAC không là Principal trong S3 policy: CloudFront service principal + distribution SourceArn.
Q103,,mapping_unconfirmed,"[""Q103:C""]",verified,no_community_discussion_evidence,[],"Key và status khớp; thay văn bản bằng giải thích ngắn, giữ nghĩa."
Q104,,mapping_unconfirmed,"[""Q104:C""]",verified,no_community_discussion_evidence,[],"D không sai vì environment variables là static/không mã hóa; encrypted environment có thể runtime decrypt, so sánh chi phí phụ thuộc key/request assumptions."
Q105,,mapping_unconfirmed,"[""Q105:C""]",verified,no_community_discussion_evidence,[],"Key và status khớp; thay văn bản bằng giải thích ngắn, giữ nghĩa."
Q106,,mapping_unconfirmed,"[""Q106:C""]",verified,no_community_discussion_evidence,[],"Key và status khớp; thay văn bản bằng giải thích ngắn, giữ nghĩa."
Q107,,mapping_unconfirmed,,ambiguous,no_community_discussion_evidence,[],"Broad managed share chỉ là trần; identity policies phía nhận có thể loại reads và principals, nên A/B đều viable."
Q108,,mapping_unconfirmed,"[""Q108:A""]",verified,no_community_discussion_evidence,[],"Key và status khớp; thay văn bản bằng giải thích ngắn, giữ nghĩa."
Q109,,mapping_unconfirmed,"[""Q109:A""]",verified,no_community_discussion_evidence,[],"A giới hạn web chỉ nhận từ ALB, DB chỉ nhận từ web/bastion và SSH chỉ từ IP công ty."
Q110,,mapping_unconfirmed,"[""Q110:A""]",verified,no_community_discussion_evidence,[],Roles Anywhere dùng chứng chỉ X.509 và trust anchor để cấp credentials tạm thời cho workload ngoài AWS.
Q111,,mapping_unconfirmed,"[""Q111:C"", ""Q111:D""]",verified,no_community_discussion_evidence,[],SCP deny vẫn thắng IAM allow; bỏ quyền cho account sử dụng IAM policies trong key policy cũng khiến IAM allow mất hiệu lực.
Q112,,mapping_unconfirmed,,ambiguous,no_community_discussion_evidence,[],"Sau lượt độc lập, rà lại toàn bộ mệnh đề C: C dùng cùng KMS + scanning hợp lệ như B. Không thể loại C chỉ vì Inventory không phải CVE report; tiêu chí ít vận hành không có trong stem."
Q113,,mapping_unconfirmed,"[""Q113:A""]",verified,no_community_discussion_evidence,[],"A cần HTTPS target group; chỉ cài certificate chưa tự bật TLS. ALB không validate chứng chỉ target, nên self-signed có thể dùng cho hop này."
Q114,,mapping_unconfirmed,"[""Q114:C""]",verified,no_community_discussion_evidence,[],"Process details phụ thuộc finding/data source; nếu finding không có process, lấy telemetry host bổ sung, không khẳng định mọi GuardDuty finding đều có."
Q115,,mapping_unconfirmed,"[""Q115:C""]",verified,no_community_discussion_evidence,[],Organization trail áp dụng cho management/member accounts và tự bắt đầu logging cho account mới gia nhập.
Q116,,mapping_unconfirmed,"[""Q116:C""]",verified,no_community_discussion_evidence,[],"Không khẳng định chỉ kms:Encrypt/kms:Decrypt luôn đủ. EBS còn cần CreateGrant, DescribeKey, GenerateDataKeyWithoutPlaintext, ReEncrypt theo ngữ cảnh; đề không nêu quyền sẵn có."
Q117,,mapping_unconfirmed,"[""Q117:B"", ""Q117:C"", ""Q117:E""]",verified,no_community_discussion_evidence,[],Managed rule này kiểm tra DB instances; nếu hiểu all RDS resources gồm public snapshots thì cần thêm rules. Không quảng cáo một rule phủ mọi loại tài nguyên RDS.
Q118,,mapping_unconfirmed,,ambiguous,no_community_discussion_evidence,[],Không khẳng định ngày ra mắt nếu chưa đối chứng release note; tính năng hiện hành được xác nhận trực tiếp bằng ALB docs.
Q119,,mapping_unconfirmed,"[""Q119:A"", ""Q119:C""]",verified,no_community_discussion_evidence,[],Port scan tài nguyên thuộc quyền quản lý và SQL injection test ứng dụng trên các service được phép phù hợp policy; các hành vi flooding/namespace/DNS nêu còn lại bị cấm.
Q120,,mapping_unconfirmed,"[""Q120:B"", ""Q120:E""]",verified,no_community_discussion_evidence,[],"Kiểm tra queue policy deny và role IAM allow giữ least privilege, thay vì cấp toàn quyền để thử."
Q121,,mapping_unconfirmed,,ambiguous,no_community_discussion_evidence,[],Typo thực thi cụ thể trong option B; không âm thầm sửa đề khi gọi đáp án verified.
Q122,,mapping_unconfirmed,,ambiguous,no_community_discussion_evidence,[],Không thay NLB thành ALB trong đề để hợp thức hóa A.
Q123,,mapping_unconfirmed,"[""Q123:B""]",verified,no_community_discussion_evidence,[],"Guard rulegen tạo rules ban đầu từ các template đã biết compliant, sau đó validate trong pipeline."
Q124,,mapping_unconfirmed,"[""Q124:A"", ""Q124:C""]",verified,no_community_discussion_evidence,[],A có cách viết dễ hiểu nhầm vị trí tạo policy. Không thể gắn policy target account vào IAM user caller như một managed-policy ARN cross-account.
Q125,,mapping_unconfirmed,"[""Q125:B""]",verified,no_community_discussion_evidence,[],"Trust anchor là resource riêng; trust policy tham chiếu ARN/CA constraints, không tạo trust anchor bên trong JSON policy."
Q126,,mapping_unconfirmed,"[""Q126:C"", ""Q126:D""]",verified,no_community_discussion_evidence,[],"Response headers policy hiện là giải pháp không cần code tốt cho nhiều trường hợp, nhưng không có trong options; không tự đổi khóa sang lựa chọn mới."
Q127,,mapping_unconfirmed,"[""Q127:A""]",verified,no_community_discussion_evidence,[],Customer managed KMS key hỗ trợ imported material; DynamoDB hỗ trợ dùng key đó cho encryption at rest.
Q128,,mapping_unconfirmed,"[""Q128:C""]",verified,no_community_discussion_evidence,[],Bucket policy phải cho CloudTrail ghi đúng prefix mới trước khi cập nhật prefix của trail.
Q129,,mapping_unconfirmed,"[""Q129:B"", ""Q129:C""]",verified,no_community_discussion_evidence,[],CloudFront chèn origin custom header bí mật; ALB chỉ forward khi header/value khớp và chặn mặc định phần còn lại.
Q130,,mapping_unconfirmed,"[""Q130:C""]",verified,no_community_discussion_evidence,[],Service Catalog cung cấp sản phẩm với AMI đã duyệt; giới hạn permission để developer chỉ provision catalog trong account development.
Q131,,mapping_unconfirmed,"[""Q131:D""]",verified,no_community_discussion_evidence,[],Cả hai loại log có thể lưu S3; Athena truy vấn dữ liệu lịch sử sau incident.
Q132,,mapping_unconfirmed,"[""Q132:C""]",verified,no_community_discussion_evidence,[],Suppressed findings không gửi EventBridge/Security Hub và không dùng trong attack-sequence correlation. GuardDuty docs không có finding FTP brute-force tương ứng tiền đề; không khẳng định visibility hoàn toàn không đổi.
Q133,,mapping_unconfirmed,"[""Q133:B""]",verified,no_community_discussion_evidence,[],"Không nói managed rule không hỗ trợ tag filtering nói chung: Config scope hỗ trợ tag. B phải kiểm tra customer managed/key ARN, không chỉ SSE-KMS bật."
Q134,,mapping_unconfirmed,"[""Q134:A""]",verified,no_community_discussion_evidence,[],IAM OIDC provider và role trust policy cho phép external OIDC principal lấy temporary credentials qua web identity federation.
Q135,,mapping_unconfirmed,"[""Q135:D""]",verified,no_community_discussion_evidence,[],"D nói hai HSM nhưng không chỉ rõ khác AZ; triển khai phải thêm điều kiện này, không khẳng định hai HSM cùng AZ là HA."
Q136,,mapping_unconfirmed,"[""Q136:D""]",verified,no_community_discussion_evidence,[],Root SCP explicit deny ses:* chặn SES dù IAM và OU SCP allow; phải gỡ deny ở root.
Q137,,mapping_unconfirmed,"[""Q137:A"", ""Q137:D""]",verified,no_community_discussion_evidence,[],"Bucket policy thực tế phải cho cloudtrail.amazonaws.com với SourceArn management/delegated trail, không chỉ cho IAM principal management account. CloudTrail không log mọi data event mặc định; cần chọn event coverage theo yêu cầu."
Q138,,mapping_unconfirmed,"[""Q138:C""]",verified,no_community_discussion_evidence,[],C cần cấu hình thực thi runbook tự động; association runbook vào OpsItem đơn thuần chưa tự execute. A có thể được mở rộng để đáp ứng nhưng không mô tả progress updates.
Q139,,mapping_unconfirmed,"[""Q139:A"", ""Q139:B""]",verified,no_community_discussion_evidence,[],Lambda phải assume execution role và role đó phải có quyền ghi CloudWatch Logs.
Q140,,mapping_unconfirmed,"[""Q140:B""]",verified,no_community_discussion_evidence,[],"B chỉ phát hiện bất thường của metric được trích xuất. Nếu mục tiêu là log-pattern anomaly tùy ý, cần CloudWatch Logs anomaly detector; A cũng khả thi nếu bổ sung cấu hình signal, nên không nói Container Insights không thu app logs."
Q141,,mapping_unconfirmed,"[""Q141:B""]",verified,no_community_discussion_evidence,[],"Option B không viết stop condition; đây là cấu hình cần thêm khi triển khai, không tự có vì chỉ schedule experiment."
Q142,,mapping_unconfirmed,,ambiguous,no_community_discussion_evidence,[],"Standard v2 có viewer-request/response-log-data bổ sung từ CloudFront Functions, nhưng cần code thêm và giới hạn 800 bytes; option A không nêu giải pháp này. Không chuyển cs-headers từ real-time sang standard bằng suy đoán."
Q143,,mapping_unconfirmed,"[""Q143:C""]",verified,no_community_discussion_evidence,[],Source dùng account IDs 10 digits như placeholders; account ID/ARN thật phải hợp lệ. Không sửa nguyên văn nguồn.
